[
  {
    "_id": { "$oid": "6934afcb6922375dfaa89240" },
    "name": "FoT Administration",
    "email": "admin@fot.du.ac.in",
    "password": "$2b$10$wZq.9x/8/yv.J7q/z6q.9x/8/yv.J7q/z6q.9x/8/yv.J7q/z6",
    "adminType": "college",
    "instituteName": "Faculty of Technology",
    "adminId": "college-adm-01",
    "address": {
      "street": "North Campus",
      "city": "New Delhi",
      "state": "Delhi",
      "zip": "110007",
      "country": "India"
    },
    "phone": "+91 11 2766 7011",
    "connections": 450,
    "bio": "Official administration account for Faculty of Technology, DU.",
    "isSuperAdmin": false,
    "isActive": true,
    "verified": true,
    "createdAt": { "$date": "2025-01-10T09:00:00.000Z" },
    "updatedAt": { "$date": "2025-12-09T10:00:00.000Z" },
    "__v": 0
  },
  {
    "_id": { "$oid": "6934afcb6922375dfaa89241" },
    "name": "Miranda House Registry",
    "email": "registrar@mirandahouse.ac.in",
    "password": "$2b$10$aBc.1x/2/yv.K8r/z5p.1x/2/yv.K8r/z5p.1x/2/yv.K8r/z5",
    "adminType": "college",
    "instituteName": "Miranda House",
    "adminId": "college-adm-02",
    "address": {
      "street": "University Enclave",
      "city": "New Delhi",
      "state": "Delhi",
      "zip": "110007",
      "country": "India"
    },
    "phone": "+91 11 2766 6983",
    "connections": 320,
    "bio": "Administrative office for student affairs and alumni relations.",
    "isSuperAdmin": false,
    "isActive": true,
    "verified": true,
    "createdAt": { "$date": "2025-02-15T10:30:00.000Z" },
    "updatedAt": { "$date": "2025-11-20T14:00:00.000Z" },
    "__v": 0
  },
  {
    "_id": { "$oid": "6934afcb6922375dfaa89242" },
    "name": "Hindu College Admin",
    "email": "admin@hinducollege.ac.in",
    "password": "$2b$10$dEf.3x/4/zw.L9s/z4o.3x/4/zw.L9s/z4o.3x/4/zw.L9s/z4",
    "adminType": "college",
    "instituteName": "Hindu College",
    "adminId": "college-adm-03",
    "address": {
      "street": "Sudhir Bose Marg",
      "city": "New Delhi",
      "state": "Delhi",
      "zip": "110007",
      "country": "India"
    },
    "phone": "+91 11 2766 7184",
    "connections": 280,
    "bio": "Managing academic records and alumni network.",
    "isSuperAdmin": false,
    "isActive": true,
    "verified": true,
    "createdAt": { "$date": "2025-03-01T09:15:00.000Z" },
    "updatedAt": { "$date": "2025-12-05T11:00:00.000Z" },
    "__v": 0
  },
  {
    "_id": { "$oid": "6934afcb6922375dfaa89243" },
    "name": "DU Central Administration",
    "email": "vc@du.ac.in",
    "password": "$2b$10$gHi.5x/6/au.M1t/z3n.5x/6/au.M1t/z3n.5x/6/au.M1t/z3",
    "adminType": "super_admin",
    "instituteName": "Delhi University",
    "adminId": "du-super-001",
    "address": {
      "street": "Benito Juarez Marg",
      "city": "New Delhi",
      "state": "Delhi",
      "zip": "110021",
      "country": "India"
    },
    "phone": "+91 11 2700 6900",
    "connections": 1500,
    "bio": "Central Vice Chancellor's Office.",
    "isSuperAdmin": true,
    "isActive": true,
    "verified": true,
    "createdAt": { "$date": "2024-12-01T08:00:00.000Z" },
    "updatedAt": { "$date": "2025-12-09T09:00:00.000Z" },
    "__v": 0
  },
  {
    "_id": { "$oid": "6934afcb6922375dfaa89244" },
    "name": "Placement Cell FoT",
    "email": "placements@fot.du.ac.in",
    "password": "$2b$10$jKl.7x/8/bv.N2u/z2m.7x/8/bv.N2u/z2m.7x/8/bv.N2u/z2",
    "adminType": "department",
    "instituteName": "Faculty of Technology",
    "adminId": "fot-place-01",
    "address": {
      "street": "North Campus",
      "city": "New Delhi",
      "state": "Delhi",
      "zip": "110007",
      "country": "India"
    },
    "phone": "+91 11 2766 7012",
    "connections": 800,
    "bio": "Dedicated account for corporate relations and placement drives.",
    "isSuperAdmin": false,
    "isActive": true,
    "verified": true,
    "createdAt": { "$date": "2025-06-10T11:00:00.000Z" },
    "updatedAt": { "$date": "2025-12-08T16:00:00.000Z" },
    "__v": 0
  }
]