[
  {
    "_id": { "$oid": "693771922ae272cc600aa7db" },
    "userId": { "$oid": "693771922ae272cc600aa7d9" },
    "verified": false,
    "graduationYear": 2022,
    "degreeUrl": "https://storage.googleapis.com/degrees/satyam_singh_22.pdf",
    "skills": ["React", "Node.js", "MongoDB", "AWS"],
    "designation": "Senior Software Engineer",
    "company": "Wipro",
    "location": "Chennai, India",
    "phone": "+91 6541848016",
    "linkedin": "https://linkedin.com/in/satyam-singh",
    "branch": "Information Technology",
    "completion_percent": 100,
    "__v": 0
  },
  {
    "_id": { "$oid": "693771922ae272cc600aa801" },
    "userId": { "$oid": "693771922ae272cc600aa901" },
    "verified": true,
    "graduationYear": 2023,
    "degreeUrl": "https://storage.googleapis.com/degrees/rewant_b_23.pdf",
    "skills": ["Video Editing", "After Effects", "Blender", "Color Grading"],
    "designation": "Creative Director",
    "company": "Swiggy",
    "location": "Bangalore, India",
    "phone": "+91 9876543210",
    "linkedin": "https://linkedin.com/in/rewant-bhriguvanshi",
    "branch": "Computer Science & Engineering",
    "completion_percent": 95,
    "__v": 0
  },
  {
    "_id": { "$oid": "693771922ae272cc600aa802" },
    "userId": { "$oid": "693771922ae272cc600aa902" },
    "verified": true,
    "graduationYear": 2021,
    "degreeUrl": "https://storage.googleapis.com/degrees/garvit_g_21.pdf",
    "skills": ["Python", "PyTorch", "NLP", "Machine Learning"],
    "designation": "AI Researcher",
    "company": "Google",
    "location": "Bangalore, India",
    "phone": "+91 8877665544",
    "linkedin": "https://linkedin.com/in/garvit-gupta",
    "branch": "Electronics & Communication",
    "completion_percent": 90,
    "__v": 0
  },
  {
    "_id": { "$oid": "693771922ae272cc600aa803" },
    "userId": { "$oid": "693771922ae272cc600aa903" },
    "verified": true,
    "graduationYear": 2022,
    "degreeUrl": "https://storage.googleapis.com/degrees/gurhans_g_22.pdf",
    "skills": ["Java", "Spring Boot", "Microservices", "Kubernetes"],
    "designation": "Backend Developer",
    "company": "Amazon",
    "location": "Hyderabad, India",
    "phone": "+91 7766554433",
    "linkedin": "https://linkedin.com/in/gurhans-grover",
    "branch": "Information Technology",
    "completion_percent": 85,
    "__v": 0
  },
  {
    "_id": { "$oid": "693771922ae272cc600aa804" },
    "userId": { "$oid": "693771922ae272cc600aa904" },
    "verified": false,
    "graduationYear": 2024,
    "degreeUrl": "https://storage.googleapis.com/degrees/krishna_y_24.pdf",
    "skills": ["LaTeX", "Research Writing", "Matlab", "Simulink"],
    "designation": "PhD Scholar",
    "company": "IIT Delhi",
    "location": "New Delhi, India",
    "phone": "+91 6655443322",
    "linkedin": "https://linkedin.com/in/krishna-yadav",
    "branch": "Mechanical Engineering",
    "completion_percent": 80,
    "__v": 0
  },
  {
    "_id": { "$oid": "693771922ae272cc600aa805" },
    "userId": { "$oid": "693771922ae272cc600aa905" },
    "verified": true,
    "graduationYear": 2023,
    "degreeUrl": "https://storage.googleapis.com/degrees/shubhika_s_23.pdf",
    "skills": ["Content Strategy", "SEO", "Digital Marketing", "Copywriting"],
    "designation": "Marketing Associate",
    "company": "Zomato",
    "location": "Gurgaon, India",
    "phone": "+91 5544332211",
    "linkedin": "https://linkedin.com/in/shubhika-sinha",
    "branch": "Computer Science & Engineering",
    "completion_percent": 100,
    "__v": 0
  },
  {
    "_id": { "$oid": "693771922ae272cc600aa806" },
    "userId": { "$oid": "693771922ae272cc600aa906" },
    "verified": false,
    "graduationYear": 2022,
    "degreeUrl": "https://storage.googleapis.com/degrees/prayas_p_22.pdf",
    "skills": ["Ethical Hacking", "Network Security", "Linux", "Python"],
    "designation": "Cybersecurity Analyst",
    "company": "Palo Alto Networks",
    "location": "Bangalore, India",
    "phone": "+91 4433221100",
    "linkedin": "https://linkedin.com/in/prayas",
    "branch": "Information Technology",
    "completion_percent": 75,
    "__v": 0
  },
  {
    "_id": { "$oid": "693771922ae272cc600aa807" },
    "userId": { "$oid": "693771922ae272cc600aa907" },
    "verified": true,
    "graduationYear": 2020,
    "degreeUrl": "https://storage.googleapis.com/degrees/aditya_v_20.pdf",
    "skills": ["Data Science", "SQL", "Tableau", "Python"],
    "designation": "Data Scientist",
    "company": "Microsoft",
    "location": "Hyderabad, India",
    "phone": "+91 9988776655",
    "linkedin": "https://linkedin.com/in/aditya-verma",
    "branch": "Computer Science & Engineering",
    "completion_percent": 95,
    "__v": 0
  },
  {
    "_id": { "$oid": "693771922ae272cc600aa808" },
    "userId": { "$oid": "693771922ae272cc600aa908" },
    "verified": true,
    "graduationYear": 2019,
    "degreeUrl": "https://storage.googleapis.com/degrees/rohan_m_19.pdf",
    "skills": ["C++", "System Design", "Distributed Systems", "Go"],
    "designation": "SDE III",
    "company": "Uber",
    "location": "Bangalore, India",
    "phone": "+91 8877665544",
    "linkedin": "https://linkedin.com/in/rohan-mehta",
    "branch": "Information Technology",
    "completion_percent": 90,
    "__v": 0
  },
  {
    "_id": { "$oid": "693771922ae272cc600aa809" },
    "userId": { "$oid": "693771922ae272cc600aa909" },
    "verified": true,
    "graduationYear": 2021,
    "degreeUrl": "https://storage.googleapis.com/degrees/sneha_k_21.pdf",
    "skills": ["UI/UX", "Figma", "Adobe XD", "Prototyping"],
    "designation": "Product Designer",
    "company": "Cred",
    "location": "Bangalore, India",
    "phone": "+91 7766554433",
    "linkedin": "https://linkedin.com/in/sneha-kapoor",
    "branch": "Electronics & Communication",
    "completion_percent": 95,
    "__v": 0
  },
  {
    "_id": { "$oid": "693771922ae272cc600aa810" },
    "userId": { "$oid": "693771922ae272cc600aa910" },
    "verified": false,
    "graduationYear": 2023,
    "degreeUrl": "https://storage.googleapis.com/degrees/arjun_r_23.pdf",
    "skills": ["Flutter", "Dart", "Firebase", "Android"],
    "designation": "Mobile App Developer",
    "company": "Flipkart",
    "location": "Bangalore, India",
    "phone": "+91 6655443322",
    "linkedin": "https://linkedin.com/in/arjun-reddy",
    "branch": "Computer Science & Engineering",
    "completion_percent": 85,
    "__v": 0
  },
  {
    "_id": { "$oid": "693771922ae272cc600aa811" },
    "userId": { "$oid": "693771922ae272cc600aa911" },
    "verified": true,
    "graduationYear": 2022,
    "degreeUrl": "https://storage.googleapis.com/degrees/priya_s_22.pdf",
    "skills": ["Project Management", "JIRA", "Agile", "Scrum"],
    "designation": "Product Manager",
    "company": "Paytm",
    "location": "Noida, India",
    "phone": "+91 5544332211",
    "linkedin": "https://linkedin.com/in/priya-sharma",
    "branch": "Information Technology",
    "completion_percent": 100,
    "__v": 0
  },
  {
    "_id": { "$oid": "693771922ae272cc600aa812" },
    "userId": { "$oid": "693771922ae272cc600aa912" },
    "verified": true,
    "graduationYear": 2020,
    "degreeUrl": "https://storage.googleapis.com/degrees/vikram_s_20.pdf",
    "skills": ["DevOps", "AWS", "Docker", "Jenkins"],
    "designation": "DevOps Engineer",
    "company": "Oracle",
    "location": "Bangalore, India",
    "phone": "+91 4433221100",
    "linkedin": "https://linkedin.com/in/vikram-singh",
    "branch": "Computer Science & Engineering",
    "completion_percent": 90,
    "__v": 0
  },
  {
    "_id": { "$oid": "693771922ae272cc600aa813" },
    "userId": { "$oid": "693771922ae272cc600aa913" },
    "verified": false,
    "graduationYear": 2024,
    "degreeUrl": "https://storage.googleapis.com/degrees/ishita_g_24.pdf",
    "skills": ["Blockchain", "Solidity", "Smart Contracts", "Web3"],
    "designation": "Blockchain Developer",
    "company": "Polygon",
    "location": "Bangalore, India",
    "phone": "+91 3322110099",
    "linkedin": "https://linkedin.com/in/ishita-gupta",
    "branch": "Computer Science & Engineering",
    "completion_percent": 80,
    "__v": 0
  },
  {
    "_id": { "$oid": "693771922ae272cc600aa814" },
    "userId": { "$oid": "693771922ae272cc600aa914" },
    "verified": true,
    "graduationYear": 2018,
    "degreeUrl": "https://storage.googleapis.com/degrees/rahul_k_18.pdf",
    "skills": ["Sales", "CRM", "Negotiation", "B2B"],
    "designation": "Sales Director",
    "company": "Salesforce",
    "location": "Mumbai, India",
    "phone": "+91 2211009988",
    "linkedin": "https://linkedin.com/in/rahul-kumar",
    "branch": "Mechanical Engineering",
    "completion_percent": 95,
    "__v": 0
  },
  {
    "_id": { "$oid": "693771922ae272cc600aa815" },
    "userId": { "$oid": "693771922ae272cc600aa915" },
    "verified": true,
    "graduationYear": 2021,
    "degreeUrl": "https://storage.googleapis.com/degrees/ananya_p_21.pdf",
    "skills": ["HR", "Recruitment", "Employee Relations", "Payroll"],
    "designation": "HR Manager",
    "company": "Infosys",
    "location": "Pune, India",
    "phone": "+91 1100998877",
    "linkedin": "https://linkedin.com/in/ananya-patel",
    "branch": "Electronics & Communication",
    "completion_percent": 90,
    "__v": 0
  },
  {
    "_id": { "$oid": "693771922ae272cc600aa816" },
    "userId": { "$oid": "693771922ae272cc600aa916" },
    "verified": false,
    "graduationYear": 2023,
    "degreeUrl": "https://storage.googleapis.com/degrees/karan_j_23.pdf",
    "skills": ["Embedded Systems", "C", "IoT", "Arduino"],
    "designation": "Embedded Engineer",
    "company": "Qualcomm",
    "location": "Hyderabad, India",
    "phone": "+91 9988001122",
    "linkedin": "https://linkedin.com/in/karan-jain",
    "branch": "Electronics & Communication",
    "completion_percent": 85,
    "__v": 0
  },
  {
    "_id": { "$oid": "693771922ae272cc600aa817" },
    "userId": { "$oid": "693771922ae272cc600aa917" },
    "verified": true,
    "graduationYear": 2022,
    "degreeUrl": "https://storage.googleapis.com/degrees/meera_i_22.pdf",
    "skills": ["QA", "Selenium", "Automation Testing", "Java"],
    "designation": "QA Engineer",
    "company": "TCS",
    "location": "Kolkata, India",
    "phone": "+91 8877001122",
    "linkedin": "https://linkedin.com/in/meera-iyer",
    "branch": "Information Technology",
    "completion_percent": 90,
    "__v": 0
  },
  {
    "_id": { "$oid": "693771922ae272cc600aa818" },
    "userId": { "$oid": "693771922ae272cc600aa918" },
    "verified": true,
    "graduationYear": 2019,
    "degreeUrl": "https://storage.googleapis.com/degrees/siddharth_m_19.pdf",
    "skills": ["Finance", "Accounting", "Excel", "Financial Modeling"],
    "designation": "Financial Analyst",
    "company": "JPMorgan Chase",
    "location": "Mumbai, India",
    "phone": "+91 7766001122",
    "linkedin": "https://linkedin.com/in/siddharth-malhotra",
    "branch": "Computer Science & Engineering",
    "completion_percent": 95,
    "__v": 0
  },
  {
    "_id": { "$oid": "693771922ae272cc600aa819" },
    "userId": { "$oid": "693771922ae272cc600aa919" },
    "verified": false,
    "graduationYear": 2025,
    "degreeUrl": "https://storage.googleapis.com/degrees/divya_s_25.pdf",
    "skills": ["Cloud Computing", "Azure", "Python", "Networking"],
    "designation": "Cloud Trainee",
    "company": "Microsoft",
    "location": "Bangalore, India",
    "phone": "+91 6655001122",
    "linkedin": "https://linkedin.com/in/divya-sethi",
    "branch": "Information Technology",
    "completion_percent": 70,
    "__v": 0
  },
  {
    "_id": { "$oid": "693771922ae272cc600aa820" },
    "userId": { "$oid": "693771922ae272cc600aa920" },
    "verified": true,
    "graduationYear": 2021,
    "degreeUrl": "https://storage.googleapis.com/degrees/rajat_b_21.pdf",
    "skills": ["Game Development", "Unity", "C#", "3D Modeling"],
    "designation": "Game Developer",
    "company": "Ubisoft",
    "location": "Pune, India",
    "phone": "+91 5544001122",
    "linkedin": "https://linkedin.com/in/rajat-bhatia",
    "branch": "Computer Science & Engineering",
    "completion_percent": 90,
    "__v": 0
  },
  {
    "_id": { "$oid": "693771922ae272cc600aa821" },
    "userId": { "$oid": "693771922ae272cc600aa921" },
    "verified": true,
    "graduationYear": 2022,
    "degreeUrl": "https://storage.googleapis.com/degrees/zoya_k_22.pdf",
    "skills": ["Journalism", "Content Writing", "Editing", "Social Media"],
    "designation": "Content Editor",
    "company": "Times of India",
    "location": "New Delhi, India",
    "phone": "+91 4433001122",
    "linkedin": "https://linkedin.com/in/zoya-khan",
    "branch": "Information Technology",
    "completion_percent": 85,
    "__v": 0
  },
  {
    "_id": { "$oid": "693771922ae272cc600aa822" },
    "userId": { "$oid": "693771922ae272cc600aa922" },
    "verified": false,
    "graduationYear": 2023,
    "degreeUrl": "https://storage.googleapis.com/degrees/amit_c_23.pdf",
    "skills": ["Robotics", "ROS", "Python", "Control Systems"],
    "designation": "Robotics Engineer",
    "company": "GreyOrange",
    "location": "Gurgaon, India",
    "phone": "+91 3322001122",
    "linkedin": "https://linkedin.com/in/amit-chouhan",
    "branch": "Mechanical Engineering",
    "completion_percent": 80,
    "__v": 0
  },
  {
    "_id": { "$oid": "693771922ae272cc600aa823" },
    "userId": { "$oid": "693771922ae272cc600aa923" },
    "verified": true,
    "graduationYear": 2020,
    "degreeUrl": "https://storage.googleapis.com/degrees/nisha_g_20.pdf",
    "skills": ["Graphic Design", "Photoshop", "Illustrator", "InDesign"],
    "designation": "Graphic Designer",
    "company": "Ogilvy",
    "location": "Mumbai, India",
    "phone": "+91 2211001122",
    "linkedin": "https://linkedin.com/in/nisha-garg",
    "branch": "Information Technology",
    "completion_percent": 95,
    "__v": 0
  },
  {
    "_id": { "$oid": "693771922ae272cc600aa824" },
    "userId": { "$oid": "693771922ae272cc600aa924" },
    "verified": true,
    "graduationYear": 2019,
    "degreeUrl": "https://storage.googleapis.com/degrees/varun_s_19.pdf",
    "skills": ["Consulting", "Strategy", "Analysis", "Presentation"],
    "designation": "Consultant",
    "company": "McKinsey & Company",
    "location": "Gurgaon, India",
    "phone": "+91 1100001122",
    "linkedin": "https://linkedin.com/in/varun-sharma",
    "branch": "Computer Science & Engineering",
    "completion_percent": 95,
    "__v": 0
  },
  {
    "_id": { "$oid": "693771922ae272cc600aa825" },
    "userId": { "$oid": "693771922ae272cc600aa925" },
    "verified": false,
    "graduationYear": 2024,
    "degreeUrl": "https://storage.googleapis.com/degrees/pooja_r_24.pdf",
    "skills": ["Bioinformatics", "Genomics", "Python", "R"],
    "designation": "Junior Researcher",
    "company": "Biocon",
    "location": "Bangalore, India",
    "phone": "+91 9988112233",
    "linkedin": "https://linkedin.com/in/pooja-rao",
    "branch": "Biotechnology",
    "completion_percent": 75,
    "__v": 0
  },
  {
    "_id": { "$oid": "693771922ae272cc600aa826" },
    "userId": { "$oid": "693771922ae272cc600aa926" },
    "verified": true,
    "graduationYear": 2021,
    "degreeUrl": "https://storage.googleapis.com/degrees/deepak_k_21.pdf",
    "skills": ["Automotive Engineering", "CATIA", "ANSYS", "SolidWorks"],
    "designation": "Design Engineer",
    "company": "Tata Motors",
    "location": "Pune, India",
    "phone": "+91 8877112233",
    "linkedin": "https://linkedin.com/in/deepak-kumar",
    "branch": "Mechanical Engineering",
    "completion_percent": 90,
    "__v": 0
  },
  {
    "_id": { "$oid": "693771922ae272cc600aa827" },
    "userId": { "$oid": "693771922ae272cc600aa927" },
    "verified": true,
    "graduationYear": 2022,
    "degreeUrl": "https://storage.googleapis.com/degrees/swati_m_22.pdf",
    "skills": ["Full Stack", "MERN", "Redux", "GraphQL"],
    "designation": "SDE I",
    "company": "Flipkart",
    "location": "Bangalore, India",
    "phone": "+91 7766112233",
    "linkedin": "https://linkedin.com/in/swati-mishra",
    "branch": "Information Technology",
    "completion_percent": 95,
    "__v": 0
  },
  {
    "_id": { "$oid": "693771922ae272cc600aa828" },
    "userId": { "$oid": "693771922ae272cc600aa928" },
    "verified": false,
    "graduationYear": 2023,
    "degreeUrl": "https://storage.googleapis.com/degrees/akash_v_23.pdf",
    "skills": ["VLSI", "Verilog", "FPGA", "ASIC Design"],
    "designation": "Hardware Engineer",
    "company": "Intel",
    "location": "Bangalore, India",
    "phone": "+91 6655112233",
    "linkedin": "https://linkedin.com/in/akash-verma",
    "branch": "Electronics & Communication",
    "completion_percent": 85,
    "__v": 0
  },
  {
    "_id": { "$oid": "693771922ae272cc600aa829" },
    "userId": { "$oid": "693771922ae272cc600aa929" },
    "verified": true,
    "graduationYear": 2020,
    "degreeUrl": "https://storage.googleapis.com/degrees/ritika_j_20.pdf",
    "skills": ["Supply Chain", "Logistics", "SAP", "Operations"],
    "designation": "Supply Chain Analyst",
    "company": "Delhivery",
    "location": "Gurgaon, India",
    "phone": "+91 5544112233",
    "linkedin": "https://linkedin.com/in/ritika-jain",
    "branch": "Mechanical Engineering",
    "completion_percent": 90,
    "__v": 0
  },
  {
    "_id": { "$oid": "693771922ae272cc600aa830" },
    "userId": { "$oid": "693771922ae272cc600aa930" },
    "verified": true,
    "graduationYear": 2018,
    "degreeUrl": "https://storage.googleapis.com/degrees/mohit_s_18.pdf",
    "skills": ["Big Data", "Hadoop", "Spark", "Scala"],
    "designation": "Big Data Engineer",
    "company": "Cloudera",
    "location": "Bangalore, India",
    "phone": "+91 4433112233",
    "linkedin": "https://linkedin.com/in/mohit-saxena",
    "branch": "Computer Science & Engineering",
    "completion_percent": 95,
    "__v": 0
  },
  {
    "_id": { "$oid": "693771922ae272cc600aa831" },
    "userId": { "$oid": "693771922ae272cc600aa931" },
    "verified": false,
    "graduationYear": 2025,
    "degreeUrl": "https://storage.googleapis.com/degrees/kavya_n_25.pdf",
    "skills": ["Psychology", "Counseling", "Research", "SPSS"],
    "designation": "Intern Psychologist",
    "company": "Fortis Healthcare",
    "location": "New Delhi, India",
    "phone": "+91 3322112233",
    "linkedin": "https://linkedin.com/in/kavya-nair",
    "branch": "Psychology",
    "completion_percent": 60,
    "__v": 0
  },
  {
    "_id": { "$oid": "693771922ae272cc600aa832" },
    "userId": { "$oid": "693771922ae272cc600aa932" },
    "verified": true,
    "graduationYear": 2021,
    "degreeUrl": "https://storage.googleapis.com/degrees/yash_g_21.pdf",
    "skills": ["iOS", "Swift", "Xcode", "Mobile App"],
    "designation": "iOS Developer",
    "company": "Zoho",
    "location": "Chennai, India",
    "phone": "+91 2211112233",
    "linkedin": "https://linkedin.com/in/yash-gupta",
    "branch": "Information Technology",
    "completion_percent": 90,
    "__v": 0
  },
  {
    "_id": { "$oid": "693771922ae272cc600aa833" },
    "userId": { "$oid": "693771922ae272cc600aa933" },
    "verified": true,
    "graduationYear": 2022,
    "degreeUrl": "https://storage.googleapis.com/degrees/pallavi_d_22.pdf",
    "skills": ["Architecture", "AutoCAD", "Revit", "Urban Planning"],
    "designation": "Junior Architect",
    "company": "Hafeez Contractor",
    "location": "Mumbai, India",
    "phone": "+91 1100112233",
    "linkedin": "https://linkedin.com/in/pallavi-desai",
    "branch": "Architecture",
    "completion_percent": 90,
    "__v": 0
  },
  {
    "_id": { "$oid": "693771922ae272cc600aa834" },
    "userId": { "$oid": "693771922ae272cc600aa934" },
    "verified": false,
    "graduationYear": 2023,
    "degreeUrl": "https://storage.googleapis.com/degrees/harsh_t_23.pdf",
    "skills": ["Civil Engineering", "Structural Analysis", "STAAD Pro", "Surveying"],
    "designation": "Site Engineer",
    "company": "L&T Construction",
    "location": "Chennai, India",
    "phone": "+91 9988223344",
    "linkedin": "https://linkedin.com/in/harsh-tiwari",
    "branch": "Civil Engineering",
    "completion_percent": 80,
    "__v": 0
  },
  {
    "_id": { "$oid": "693771922ae272cc600aa835" },
    "userId": { "$oid": "693771922ae272cc600aa935" },
    "verified": true,
    "graduationYear": 2020,
    "degreeUrl": "https://storage.googleapis.com/degrees/simran_k_20.pdf",
    "skills": ["Fashion Design", "Textile", "Illustration", "Merchandising"],
    "designation": "Fashion Designer",
    "company": "Myntra",
    "location": "Bangalore, India",
    "phone": "+91 8877223344",
    "linkedin": "https://linkedin.com/in/simran-kaur",
    "branch": "Fashion Design",
    "completion_percent": 95,
    "__v": 0
  },
  {
    "_id": { "$oid": "693771922ae272cc600aa836" },
    "userId": { "$oid": "693771922ae272cc600aa936" },
    "verified": true,
    "graduationYear": 2019,
    "degreeUrl": "https://storage.googleapis.com/degrees/ankit_b_19.pdf",
    "skills": ["Network Engineering", "Cisco", "Routing", "Switching"],
    "designation": "Network Engineer",
    "company": "Airtel",
    "location": "Gurgaon, India",
    "phone": "+91 7766223344",
    "linkedin": "https://linkedin.com/in/ankit-bisht",
    "branch": "Electronics & Communication",
    "completion_percent": 90,
    "__v": 0
  },
  {
    "_id": { "$oid": "693771922ae272cc600aa837" },
    "userId": { "$oid": "693771922ae272cc600aa937" },
    "verified": false,
    "graduationYear": 2024,
    "degreeUrl": "https://storage.googleapis.com/degrees/rhea_c_24.pdf",
    "skills": ["Law", "Legal Research", "Corporate Law", "Drafting"],
    "designation": "Legal Associate",
    "company": "Khaitan & Co",
    "location": "Mumbai, India",
    "phone": "+91 6655223344",
    "linkedin": "https://linkedin.com/in/rhea-chopra",
    "branch": "Law",
    "completion_percent": 75,
    "__v": 0
  },
  {
    "_id": { "$oid": "693771922ae272cc600aa838" },
    "userId": { "$oid": "693771922ae272cc600aa938" },
    "verified": true,
    "graduationYear": 2021,
    "degreeUrl": "https://storage.googleapis.com/degrees/manish_p_21.pdf",
    "skills": ["Animation", "Maya", "VFX", "Character Design"],
    "designation": "3D Animator",
    "company": "Redchillies VFX",
    "location": "Mumbai, India",
    "phone": "+91 5544223344",
    "linkedin": "https://linkedin.com/in/manish-pandey",
    "branch": "Animation",
    "completion_percent": 90,
    "__v": 0
  },
  {
    "_id": { "$oid": "693771922ae272cc600aa839" },
    "userId": { "$oid": "693771922ae272cc600aa939" },
    "verified": true,
    "graduationYear": 2022,
    "degreeUrl": "https://storage.googleapis.com/degrees/tanya_s_22.pdf",
    "skills": ["Teaching", "Curriculum Design", "EdTech", "Mentoring"],
    "designation": "Content Developer",
    "company": "Byju's",
    "location": "Bangalore, India",
    "phone": "+91 4433223344",
    "linkedin": "https://linkedin.com/in/tanya-singh",
    "branch": "Education",
    "completion_percent": 95,
    "__v": 0
  },
  {
    "_id": { "$oid": "693771922ae272cc600aa840" },
    "userId": { "$oid": "693771922ae272cc600aa940" },
    "verified": false,
    "graduationYear": 2023,
    "degreeUrl": "https://storage.googleapis.com/degrees/vivek_a_23.pdf",
    "skills": ["Event Management", "Logistics", "Marketing", "Coordination"],
    "designation": "Event Coordinator",
    "company": "Wizcraft",
    "location": "Mumbai, India",
    "phone": "+91 3322223344",
    "linkedin": "https://linkedin.com/in/vivek-agarwal",
    "branch": "Management",
    "completion_percent": 85,
    "__v": 0
  },
  {
    "_id": { "$oid": "693771922ae272cc600aa841" },
    "userId": { "$oid": "693771922ae272cc600aa941" },
    "verified": true,
    "graduationYear": 2018,
    "degreeUrl": "https://storage.googleapis.com/degrees/neha_g_18.pdf",
    "skills": ["Hotel Management", "Hospitality", "Operations", "Customer Service"],
    "designation": "Front Office Manager",
    "company": "Taj Hotels",
    "location": "New Delhi, India",
    "phone": "+91 2211223344",
    "linkedin": "https://linkedin.com/in/neha-gupta",
    "branch": "Hotel Management",
    "completion_percent": 95,
    "__v": 0
  },
  {
    "_id": { "$oid": "693771922ae272cc600aa842" },
    "userId": { "$oid": "693771922ae272cc600aa942" },
    "verified": true,
    "graduationYear": 2020,
    "degreeUrl": "https://storage.googleapis.com/degrees/saurabh_t_20.pdf",
    "skills": ["Pharmacy", "Clinical Research", "Pharmacovigilance", "Drug Safety"],
    "designation": "Drug Safety Associate",
    "company": "Sun Pharma",
    "location": "Mumbai, India",
    "phone": "+91 1100223344",
    "linkedin": "https://linkedin.com/in/saurabh-trivedi",
    "branch": "Pharmacy",
    "completion_percent": 90,
    "__v": 0
  },
  {
    "_id": { "$oid": "693771922ae272cc600aa843" },
    "userId": { "$oid": "693771922ae272cc600aa943" },
    "verified": false,
    "graduationYear": 2025,
    "degreeUrl": "https://storage.googleapis.com/degrees/kriti_s_25.pdf",
    "skills": ["Environmental Science", "Sustainability", "Research", "Ecology"],
    "designation": "Research Intern",
    "company": "TERI",
    "location": "New Delhi, India",
    "phone": "+91 9988334455",
    "linkedin": "https://linkedin.com/in/kriti-sharma",
    "branch": "Environmental Science",
    "completion_percent": 65,
    "__v": 0
  },
  {
    "_id": { "$oid": "693771922ae272cc600aa844" },
    "userId": { "$oid": "693771922ae272cc600aa944" },
    "verified": true,
    "graduationYear": 2021,
    "degreeUrl": "https://storage.googleapis.com/degrees/tarun_k_21.pdf",
    "skills": ["Petroleum Engineering", "Drilling", "Reservoir", "Geology"],
    "designation": "Drilling Engineer",
    "company": "ONGC",
    "location": "Dehradun, India",
    "phone": "+91 8877334455",
    "linkedin": "https://linkedin.com/in/tarun-kumar",
    "branch": "Petroleum Engineering",
    "completion_percent": 90,
    "__v": 0
  },
  {
    "_id": { "$oid": "693771922ae272cc600aa845" },
    "userId": { "$oid": "693771922ae272cc600aa945" },
    "verified": true,
    "graduationYear": 2022,
    "degreeUrl": "https://storage.googleapis.com/degrees/ejeas_m_22.pdf",
    "skills": ["Social Work", "NGO", "Community Development", "Fundraising"],
    "designation": "Program Officer",
    "company": "CRY",
    "location": "Kolkata, India",
    "phone": "+91 7766334455",
    "linkedin": "https://linkedin.com/in/tejas-menon",
    "branch": "Social Work",
    "completion_percent": 95,
    "__v": 0
  },
  {
    "_id": { "$oid": "693771922ae272cc600aa846" },
    "userId": { "$oid": "693771922ae272cc600aa946" },
    "verified": false,
    "graduationYear": 2023,
    "degreeUrl": "https://storage.googleapis.com/degrees/radhika_b_23.pdf",
    "skills": ["Interior Design", "3D Max", "SketchUp", "Decor"],
    "designation": "Interior Designer",
    "company": "Livspace",
    "location": "Bangalore, India",
    "phone": "+91 6655334455",
    "linkedin": "https://linkedin.com/in/radhika-bhasin",
    "branch": "Interior Design",
    "completion_percent": 85,
    "__v": 0
  },
  {
    "_id": { "$oid": "693771922ae272cc600aa847" },
    "userId": { "$oid": "693771922ae272cc600aa947" },
    "verified": true,
    "graduationYear": 2019,
    "degreeUrl": "https://storage.googleapis.com/degrees/abhishek_s_19.pdf",
    "skills": ["Agriculture", "Agronomy", "Crop Science", "Farm Management"],
    "designation": "Agricultural Officer",
    "company": "ITC Limited",
    "location": "Hyderabad, India",
    "phone": "+91 5544334455",
    "linkedin": "https://linkedin.com/in/abhishek-singh",
    "branch": "Agriculture",
    "completion_percent": 90,
    "__v": 0
  },
  {
    "_id": { "$oid": "693771922ae272cc600aa848" },
    "userId": { "$oid": "693771922ae272cc600aa948" },
    "verified": true,
    "graduationYear": 2020,
    "degreeUrl": "https://storage.googleapis.com/degrees/geeta_p_20.pdf",
    "skills": ["Nursing", "Patient Care", "ICU", "Medical Assistance"],
    "designation": "Staff Nurse",
    "company": "Apollo Hospitals",
    "location": "Chennai, India",
    "phone": "+91 4433334455",
    "linkedin": "https://linkedin.com/in/geeta-pillai",
    "branch": "Nursing",
    "completion_percent": 95,
    "__v": 0
  },
  {
    "_id": { "$oid": "693771922ae272cc600aa849" },
    "userId": { "$oid": "693771922ae272cc600aa949" },
    "verified": false,
    "graduationYear": 2024,
    "degreeUrl": "https://storage.googleapis.com/degrees/vinay_k_24.pdf",
    "skills": ["Aviation", "Pilot", "Flight Operations", "Safety"],
    "designation": "Cadet Pilot",
    "company": "IndiGo",
    "location": "Gurgaon, India",
    "phone": "+91 3322334455",
    "linkedin": "https://linkedin.com/in/vinay-khanna",
    "branch": "Aviation",
    "completion_percent": 70,
    "__v": 0
  },
  {
    "_id": { "$oid": "693771922ae272cc600aa850" },
    "userId": { "$oid": "693771922ae272cc600aa950" },
    "verified": true,
    "graduationYear": 2021,
    "degreeUrl": "https://storage.googleapis.com/degrees/lavanya_r_21.pdf",
    "skills": ["Fine Arts", "Painting", "Sculpture", "Art History"],
    "designation": "Art Curator",
    "company": "National Gallery of Modern Art",
    "location": "New Delhi, India",
    "phone": "+91 2211334455",
    "linkedin": "https://linkedin.com/in/lavanya-iyer",
    "branch": "Fine Arts",
    "completion_percent": 90,
    "__v": 0
  },
  {
    "_id": { "$oid": "693771922ae272cc600aa851" },
    "userId": { "$oid": "693771922ae272cc600aa951" },
    "verified": true,
    "graduationYear": 2022,
    "degreeUrl": "https://storage.googleapis.com/degrees/aman_v_22.pdf",
    "skills": ["Chemical Engineering", "Process Design", "Thermodynamics", "Matlab"],
    "designation": "Process Engineer",
    "company": "Reliance Industries",
    "location": "Jamnagar, India",
    "phone": "+91 1100334455",
    "linkedin": "https://linkedin.com/in/aman-verma",
    "branch": "Chemical Engineering",
    "completion_percent": 95,
    "__v": 0
  },
  {
    "_id": { "$oid": "693771922ae272cc600aa852" },
    "userId": { "$oid": "693771922ae272cc600aa952" },
    "verified": false,
    "graduationYear": 2023,
    "degreeUrl": "https://storage.googleapis.com/degrees/sonia_d_23.pdf",
    "skills": ["Economics", "Econometrics", "Stata", "Policy Analysis"],
    "designation": "Research Analyst",
    "company": "NITI Aayog",
    "location": "New Delhi, India",
    "phone": "+91 9988445566",
    "linkedin": "https://linkedin.com/in/sonia-dutta",
    "branch": "Economics",
    "completion_percent": 80,
    "__v": 0
  },
  {
    "_id": { "$oid": "693771922ae272cc600aa853" },
    "userId": { "$oid": "693771922ae272cc600aa953" },
    "verified": true,
    "graduationYear": 2020,
    "degreeUrl": "https://storage.googleapis.com/degrees/prakash_j_20.pdf",
    "skills": ["Marine Engineering", "Ship Operations", "Maintenance", "Safety"],
    "designation": "Third Engineer",
    "company": "Maersk",
    "location": "Mumbai, India",
    "phone": "+91 8877445566",
    "linkedin": "https://linkedin.com/in/prakash-jha",
    "branch": "Marine Engineering",
    "completion_percent": 90,
    "__v": 0
  },
  {
    "_id": { "$oid": "693771922ae272cc600aa854" },
    "userId": { "$oid": "693771922ae272cc600aa954" },
    "verified": true,
    "graduationYear": 2019,
    "degreeUrl": "https://storage.googleapis.com/degrees/deepika_s_19.pdf",
    "skills": ["Public Relations", "Communication", "Media Relations", "Crisis Management"],
    "designation": "PR Manager",
    "company": "Edelman",
    "location": "Gurgaon, India",
    "phone": "+91 7766445566",
    "linkedin": "https://linkedin.com/in/deepika-seth",
    "branch": "Mass Communication",
    "completion_percent": 95,
    "__v": 0
  },
  {
    "_id": { "$oid": "693771922ae272cc600aa855" },
    "userId": { "$oid": "693771922ae272cc600aa955" },
    "verified": false,
    "graduationYear": 2024,
    "degreeUrl": "https://storage.googleapis.com/degrees/rahul_y_24.pdf",
    "skills": ["Sports Management", "Coaching", "Event Planning", "Marketing"],
    "designation": "Sports Coordinator",
    "company": "Decathlon",
    "location": "Bangalore, India",
    "phone": "+91 6655445566",
    "linkedin": "https://linkedin.com/in/rahul-yadav",
    "branch": "Physical Education",
    "completion_percent": 75,
    "__v": 0
  },
  {
    "_id": { "$oid": "693771922ae272cc600aa856" },
    "userId": { "$oid": "693771922ae272cc600aa956" },
    "verified": true,
    "graduationYear": 2021,
    "degreeUrl": "https://storage.googleapis.com/degrees/anjali_m_21.pdf",
    "skills": ["Nutrition", "Dietetics", "Health", "Counseling"],
    "designation": "Clinical Dietitian",
    "company": "Max Healthcare",
    "location": "New Delhi, India",
    "phone": "+91 5544445566",
    "linkedin": "https://linkedin.com/in/anjali-mehta",
    "branch": "Nutrition",
    "completion_percent": 90,
    "__v": 0
  },
  {
    "_id": { "$oid": "693771922ae272cc600aa857" },
    "userId": { "$oid": "693771922ae272cc600aa957" },
    "verified": true,
    "graduationYear": 2022,
    "degreeUrl": "https://storage.googleapis.com/degrees/kabir_s_22.pdf",
    "skills": ["Film Making", "Direction", "Cinematography", "Screenwriting"],
    "designation": "Assistant Director",
    "company": "Dharma Productions",
    "location": "Mumbai, India",
    "phone": "+91 4433445566",
    "linkedin": "https://linkedin.com/in/kabir-singh",
    "branch": "Film Studies",
    "completion_percent": 85,
    "__v": 0
  },
  {
    "_id": { "$oid": "693771922ae272cc600aa858" },
    "userId": { "$oid": "693771922ae272cc600aa958" },
    "verified": false,
    "graduationYear": 2023,
    "degreeUrl": "https://storage.googleapis.com/degrees/gauri_k_23.pdf",
    "skills": ["History", "Research", "Archiving", "Museum Studies"],
    "designation": "Museum Intern",
    "company": "National Museum",
    "location": "New Delhi, India",
    "phone": "+91 3322445566",
    "linkedin": "https://linkedin.com/in/gauri-kapoor",
    "branch": "History",
    "completion_percent": 70,
    "__v": 0
  },
  {
    "_id": { "$oid": "693771922ae272cc600aa859" },
    "userId": { "$oid": "693771922ae272cc600aa959" },
    "verified": true,
    "graduationYear": 2020,
    "degreeUrl": "https://storage.googleapis.com/degrees/rohit_n_20.pdf",
    "skills": ["Geology", "GIS", "Remote Sensing", "Mapping"],
    "designation": "Geologist",
    "company": "Geological Survey of India",
    "location": "Kolkata, India",
    "phone": "+91 2211445566",
    "linkedin": "https://linkedin.com/in/rohit-nair",
    "branch": "Geology",
    "completion_percent": 90,
    "__v": 0
  },
  {
    "_id": { "$oid": "693771922ae272cc600aa860" },
    "userId": { "$oid": "693771922ae272cc600aa960" },
    "verified": true,
    "graduationYear": 2019,
    "degreeUrl": "https://storage.googleapis.com/degrees/shilpa_r_19.pdf",
    "skills": ["Library Science", "Cataloging", "Information Management", "Research"],
    "designation": "Librarian",
    "company": "Delhi Public School",
    "location": "New Delhi, India",
    "phone": "+91 1100445566",
    "linkedin": "https://linkedin.com/in/shilpa-rao",
    "branch": "Library Science",
    "completion_percent": 95,
    "__v": 0
  },
  {
    "_id": { "$oid": "693771922ae272cc600aa861" },
    "userId": { "$oid": "693771922ae272cc600aa961" },
    "verified": false,
    "graduationYear": 2025,
    "degreeUrl": "https://storage.googleapis.com/degrees/uday_k_25.pdf",
    "skills": ["Astronomy", "Astrophysics", "Python", "Data Analysis"],
    "designation": "Research Fellow",
    "company": "ISRO",
    "location": "Bangalore, India",
    "phone": "+91 9988556677",
    "linkedin": "https://linkedin.com/in/uday-kumar",
    "branch": "Physics",
    "completion_percent": 60,
    "__v": 0
  },
  {
    "_id": { "$oid": "693771922ae272cc600aa862" },
    "userId": { "$oid": "693771922ae272cc600aa962" },
    "verified": true,
    "graduationYear": 2021,
    "degreeUrl": "https://storage.googleapis.com/degrees/manya_g_21.pdf",
    "skills": ["Political Science", "International Relations", "Diplomacy", "Policy"],
    "designation": "Policy Analyst",
    "company": "CPR India",
    "location": "New Delhi, India",
    "phone": "+91 8877556677",
    "linkedin": "https://linkedin.com/in/manya-gupta",
    "branch": "Political Science",
    "completion_percent": 90,
    "__v": 0
  },
  {
    "_id": { "$oid": "693771922ae272cc600aa863" },
    "userId": { "$oid": "693771922ae272cc600aa963" },
    "verified": true,
    "graduationYear": 2022,
    "degreeUrl": "https://storage.googleapis.com/degrees/dhruv_s_22.pdf",
    "skills": ["Actuarial Science", "Risk Management", "Statistics", "Insurance"],
    "designation": "Actuarial Analyst",
    "company": "LIC",
    "location": "Mumbai, India",
    "phone": "+91 7766556677",
    "linkedin": "https://linkedin.com/in/dhruv-sharma",
    "branch": "Mathematics",
    "completion_percent": 95,
    "__v": 0
  },
  {
    "_id": { "$oid": "693771922ae272cc600aa864" },
    "userId": { "$oid": "693771922ae272cc600aa964" },
    "verified": false,
    "graduationYear": 2023,
    "degreeUrl": "https://storage.googleapis.com/degrees/preeti_j_23.pdf",
    "skills": ["Zoology", "Wildlife Conservation", "Field Research", "Ecology"],
    "designation": "Wildlife Biologist",
    "company": "WWF India",
    "location": "New Delhi, India",
    "phone": "+91 6655556677",
    "linkedin": "https://linkedin.com/in/preeti-joshi",
    "branch": "Zoology",
    "completion_percent": 80,
    "__v": 0
  },
  {
    "_id": { "$oid": "693771922ae272cc600aa865" },
    "userId": { "$oid": "693771922ae272cc600aa965" },
    "verified": true,
    "graduationYear": 2020,
    "degreeUrl": "https://storage.googleapis.com/degrees/sandeep_r_20.pdf",
    "skills": ["Botany", "Plant Biology", "Horticulture", "Research"],
    "designation": "Botanist",
    "company": "Botanical Survey of India",
    "location": "Kolkata, India",
    "phone": "+91 5544556677",
    "linkedin": "https://linkedin.com/in/sandeep-rawat",
    "branch": "Botany",
    "completion_percent": 90,
    "__v": 0
  },
  {
    "_id": { "$oid": "693771922ae272cc600aa866" },
    "userId": { "$oid": "693771922ae272cc600aa966" },
    "verified": true,
    "graduationYear": 2019,
    "degreeUrl": "https://storage.googleapis.com/degrees/karan_m_19.pdf",
    "skills": ["Microbiology", "Lab Techniques", "Quality Control", "Research"],
    "designation": "Microbiologist",
    "company": "Dr. Reddy's",
    "location": "Hyderabad, India",
    "phone": "+91 4433556677",
    "linkedin": "https://linkedin.com/in/karan-malhotra",
    "branch": "Microbiology",
    "completion_percent": 95,
    "__v": 0
  },
  {
    "_id": { "$oid": "693771922ae272cc600aa867" },
    "userId": { "$oid": "693771922ae272cc600aa967" },
    "verified": false,
    "graduationYear": 2024,
    "degreeUrl": "https://storage.googleapis.com/degrees/tina_d_24.pdf",
    "skills": ["Forensic Science", "Criminal Investigation", "Lab Analysis", "Evidence"],
    "designation": "Forensic Intern",
    "company": "CFSL",
    "location": "New Delhi, India",
    "phone": "+91 3322556677",
    "linkedin": "https://linkedin.com/in/tina-dsouza",
    "branch": "Forensic Science",
    "completion_percent": 75,
    "__v": 0
  },
  {
    "_id": { "$oid": "693771922ae272cc600aa868" },
    "userId": { "$oid": "693771922ae272cc600aa968" },
    "verified": true,
    "graduationYear": 2021,
    "degreeUrl": "https://storage.googleapis.com/degrees/ashish_t_21.pdf",
    "skills": ["Philosophy", "Critical Thinking", "Ethics", "Writing"],
    "designation": "Content Writer",
    "company": "Freelance",
    "location": "Pune, India",
    "phone": "+91 2211556677",
    "linkedin": "https://linkedin.com/in/ashish-thakur",
    "branch": "Philosophy",
    "completion_percent": 85,
    "__v": 0
  },
  {
    "_id": { "$oid": "693771922ae272cc600aa869" },
    "userId": { "$oid": "693771922ae272cc600aa969" },
    "verified": true,
    "graduationYear": 2022,
    "degreeUrl": "https://storage.googleapis.com/degrees/rekha_b_22.pdf",
    "skills": ["Sociology", "Social Research", "Data Analysis", "NGO"],
    "designation": "Social Researcher",
    "company": "Oxfam India",
    "location": "New Delhi, India",
    "phone": "+91 1100556677",
    "linkedin": "https://linkedin.com/in/rekha-bhat",
    "branch": "Sociology",
    "completion_percent": 90,
    "__v": 0
  },
  {
    "_id": { "$oid": "693771922ae272cc600aa870" },
    "userId": { "$oid": "693771922ae272cc600aa970" },
    "verified": false,
    "graduationYear": 2023,
    "degreeUrl": "https://storage.googleapis.com/degrees/samir_k_23.pdf",
    "skills": ["Geography", "GIS", "Urban Planning", "Cartography"],
    "designation": "GIS Analyst",
    "company": "Here Technologies",
    "location": "Mumbai, India",
    "phone": "+91 9988667788",
    "linkedin": "https://linkedin.com/in/samir-khan",
    "branch": "Geography",
    "completion_percent": 85,
    "__v": 0
  },
  {
    "_id": { "$oid": "693771922ae272cc600aa871" },
    "userId": { "$oid": "693771922ae272cc600aa971" },
    "verified": true,
    "graduationYear": 2020,
    "degreeUrl": "https://storage.googleapis.com/degrees/neelam_s_20.pdf",
    "skills": ["Sanskrit", "Translation", "Teaching", "Literature"],
    "designation": "Assistant Professor",
    "company": "Delhi University",
    "location": "New Delhi, India",
    "phone": "+91 8877667788",
    "linkedin": "https://linkedin.com/in/neelam-sharma",
    "branch": "Sanskrit",
    "completion_percent": 95,
    "__v": 0
  },
  {
    "_id": { "$oid": "693771922ae272cc600aa872" },
    "userId": { "$oid": "693771922ae272cc600aa972" },
    "verified": true,
    "graduationYear": 2019,
    "degreeUrl": "https://storage.googleapis.com/degrees/rahul_p_19.pdf",
    "skills": ["Hindi Literature", "Editing", "Proofreading", "Translation"],
    "designation": "Editor",
    "company": "Rajkamal Prakashan",
    "location": "New Delhi, India",
    "phone": "+91 7766667788",
    "linkedin": "https://linkedin.com/in/rahul-pandey",
    "branch": "Hindi",
    "completion_percent": 90,
    "__v": 0
  },
  {
    "_id": { "$oid": "693771922ae272cc600aa873" },
    "userId": { "$oid": "693771922ae272cc600aa973" },
    "verified": false,
    "graduationYear": 2024,
    "degreeUrl": "https://storage.googleapis.com/degrees/aisha_m_24.pdf",
    "skills": ["Urdu Literature", "Poetry", "Teaching", "Translation"],
    "designation": "Language Instructor",
    "company": "Jamia Millia Islamia",
    "location": "New Delhi, India",
    "phone": "+91 6655667788",
    "linkedin": "https://linkedin.com/in/aisha-mirza",
    "branch": "Urdu",
    "completion_percent": 75,
    "__v": 0
  },
  {
    "_id": { "$oid": "693771922ae272cc600aa874" },
    "userId": { "$oid": "693771922ae272cc600aa974" },
    "verified": true,
    "graduationYear": 2021,
    "degreeUrl": "https://storage.googleapis.com/degrees/john_d_21.pdf",
    "skills": ["English Literature", "Content Writing", "Copy Editing", "Teaching"],
    "designation": "Copywriter",
    "company": "Ogilvy",
    "location": "Mumbai, India",
    "phone": "+91 5544667788",
    "linkedin": "https://linkedin.com/in/john-dsouza",
    "branch": "English",
    "completion_percent": 90,
    "__v": 0
  },
  {
    "_id": { "$oid": "693771922ae272cc600aa875" },
    "userId": { "$oid": "693771922ae272cc600aa975" },
    "verified": true,
    "graduationYear": 2022,
    "degreeUrl": "https://storage.googleapis.com/degrees/pooja_v_22.pdf",
    "skills": ["Commerce", "Accounting", "Taxation", "Auditing"],
    "designation": "Audit Associate",
    "company": "KPMG",
    "location": "Gurgaon, India",
    "phone": "+91 4433667788",
    "linkedin": "https://linkedin.com/in/pooja-verma",
    "branch": "Commerce",
    "completion_percent": 95,
    "__v": 0
  },
  {
    "_id": { "$oid": "693771922ae272cc600aa876" },
    "userId": { "$oid": "693771922ae272cc600aa976" },
    "verified": false,
    "graduationYear": 2023,
    "degreeUrl": "https://storage.googleapis.com/degrees/arun_s_23.pdf",
    "skills": ["Business Admin", "Management", "Marketing", "Sales"],
    "designation": "Management Trainee",
    "company": "HUL",
    "location": "Mumbai, India",
    "phone": "+91 3322667788",
    "linkedin": "https://linkedin.com/in/arun-singh",
    "branch": "Business Administration",
    "completion_percent": 80,
    "__v": 0
  },
  {
    "_id": { "$oid": "693771922ae272cc600aa877" },
    "userId": { "$oid": "693771922ae272cc600aa977" },
    "verified": true,
    "graduationYear": 2020,
    "degreeUrl": "https://storage.googleapis.com/degrees/vidya_r_20.pdf",
    "skills": ["Education", "Curriculum", "Teaching", "Administration"],
    "designation": "School Administrator",
    "company": "The Shri Ram School",
    "location": "Gurgaon, India",
    "phone": "+91 2211667788",
    "linkedin": "https://linkedin.com/in/vidya-raman",
    "branch": "Education",
    "completion_percent": 95,
    "__v": 0
  },
  {
    "_id": { "$oid": "693771922ae272cc600aa878" },
    "userId": { "$oid": "693771922ae272cc600aa978" },
    "verified": true,
    "graduationYear": 2019,
    "degreeUrl": "https://storage.googleapis.com/degrees/kiran_b_19.pdf",
    "skills": ["Physical Education", "Sports", "Fitness", "Training"],
    "designation": "Fitness Trainer",
    "company": "Gold's Gym",
    "location": "Bangalore, India",
    "phone": "+91 1100667788",
    "linkedin": "https://linkedin.com/in/kiran-bhat",
    "branch": "Physical Education",
    "completion_percent": 90,
    "__v": 0
  },
  {
    "_id": { "$oid": "693771922ae272cc600aa879" },
    "userId": { "$oid": "693771922ae272cc600aa979" },
    "verified": false,
    "graduationYear": 2024,
    "degreeUrl": "https://storage.googleapis.com/degrees/ritesh_m_24.pdf",
    "skills": ["Music", "Composition", "Production", "Performance"],
    "designation": "Music Producer",
    "company": "Freelance",
    "location": "Mumbai, India",
    "phone": "+91 9988778899",
    "linkedin": "https://linkedin.com/in/ritesh-mehta",
    "branch": "Music",
    "completion_percent": 70,
    "__v": 0
  },
  {
    "_id": { "$oid": "693771922ae272cc600aa880" },
    "userId": { "$oid": "693771922ae272cc600aa980" },
    "verified": true,
    "graduationYear": 2021,
    "degreeUrl": "https://storage.googleapis.com/degrees/simi_g_21.pdf",
    "skills": ["Dance", "Choreography", "Performance", "Teaching"],
    "designation": "Choreographer",
    "company": "Shiamak Davar",
    "location": "Mumbai, India",
    "phone": "+91 8877778899",
    "linkedin": "https://linkedin.com/in/simi-garg",
    "branch": "Dance",
    "completion_percent": 85,
    "__v": 0
  },
  {
    "_id": { "$oid": "693771922ae272cc600aa881" },
    "userId": { "$oid": "693771922ae272cc600aa981" },
    "verified": true,
    "graduationYear": 2022,
    "degreeUrl": "https://storage.googleapis.com/degrees/vikas_t_22.pdf",
    "skills": ["Theatre", "Acting", "Directing", "Scriptwriting"],
    "designation": "Theatre Artist",
    "company": "NSD",
    "location": "New Delhi, India",
    "phone": "+91 7766778899",
    "linkedin": "https://linkedin.com/in/vikas-tiwari",
    "branch": "Theatre",
    "completion_percent": 80,
    "__v": 0
  },
  {
    "_id": { "$oid": "693771922ae272cc600aa882" },
    "userId": { "$oid": "693771922ae272cc600aa982" },
    "verified": false,
    "graduationYear": 2023,
    "degreeUrl": "https://storage.googleapis.com/degrees/pallavi_k_23.pdf",
    "skills": ["Culinary Arts", "Cooking", "Baking", "Menu Planning"],
    "designation": "Commis Chef",
    "company": "Oberoi Hotels",
    "location": "Gurgaon, India",
    "phone": "+91 6655778899",
    "linkedin": "https://linkedin.com/in/pallavi-kumar",
    "branch": "Culinary Arts",
    "completion_percent": 75,
    "__v": 0
  },
  {
    "_id": { "$oid": "693771922ae272cc600aa883" },
    "userId": { "$oid": "693771922ae272cc600aa983" },
    "verified": true,
    "graduationYear": 2020,
    "degreeUrl": "https://storage.googleapis.com/degrees/raj_s_20.pdf",
    "skills": ["Travel & Tourism", "Ticketing", "Guiding", "Management"],
    "designation": "Travel Consultant",
    "company": "MakeMyTrip",
    "location": "Gurgaon, India",
    "phone": "+91 5544778899",
    "linkedin": "https://linkedin.com/in/raj-sethi",
    "branch": "Travel & Tourism",
    "completion_percent": 90,
    "__v": 0
  },
  {
    "_id": { "$oid": "693771922ae272cc600aa884" },
    "userId": { "$oid": "693771922ae272cc600aa984" },
    "verified": true,
    "graduationYear": 2019,
    "degreeUrl": "https://storage.googleapis.com/degrees/mona_j_19.pdf",
    "skills": ["Yoga", "Meditation", "Wellness", "Teaching"],
    "designation": "Yoga Instructor",
    "company": "Cult.fit",
    "location": "Bangalore, India",
    "phone": "+91 4433778899",
    "linkedin": "https://linkedin.com/in/mona-jain",
    "branch": "Yoga Science",
    "completion_percent": 95,
    "__v": 0
  },
  {
    "_id": { "$oid": "693771922ae272cc600aa885" },
    "userId": { "$oid": "693771922ae272cc600aa985" },
    "verified": false,
    "graduationYear": 2025,
    "degreeUrl": "https://storage.googleapis.com/degrees/anil_r_25.pdf",
    "skills": ["Ayurveda", "Holistic Health", "Herbal Medicine", "Consultation"],
    "designation": "Ayurveda Intern",
    "company": "Patanjali",
    "location": "Haridwar, India",
    "phone": "+91 3322778899",
    "linkedin": "https://linkedin.com/in/anil-rathore",
    "branch": "Ayurveda",
    "completion_percent": 65,
    "__v": 0
  },
  {
    "_id": { "$oid": "693771922ae272cc600aa886" },
    "userId": { "$oid": "693771922ae272cc600aa986" },
    "verified": true,
    "graduationYear": 2021,
    "degreeUrl": "https://storage.googleapis.com/degrees/priyanka_s_21.pdf",
    "skills": ["Home Science", "Nutrition", "Textile", "Resource Management"],
    "designation": "Home Economist",
    "company": "IKEA",
    "location": "Hyderabad, India",
    "phone": "+91 2211778899",
    "linkedin": "https://linkedin.com/in/priyanka-sahni",
    "branch": "Home Science",
    "completion_percent": 90,
    "__v": 0
  },
  {
    "_id": { "$oid": "693771922ae272cc600aa887" },
    "userId": { "$oid": "693771922ae272cc600aa987" },
    "verified": true,
    "graduationYear": 2022,
    "degreeUrl": "https://storage.googleapis.com/degrees/sumit_k_22.pdf",
    "skills": ["Dairy Technology", "Processing", "Quality Assurance", "Microbiology"],
    "designation": "Production Officer",
    "company": "Amul",
    "location": "Anand, India",
    "phone": "+91 1100778899",
    "linkedin": "https://linkedin.com/in/sumit-khanna",
    "branch": "Dairy Technology",
    "completion_percent": 95,
    "__v": 0
  },
  {
    "_id": { "$oid": "693771922ae272cc600aa888" },
    "userId": { "$oid": "693771922ae272cc600aa988" },
    "verified": false,
    "graduationYear": 2023,
    "degreeUrl": "https://storage.googleapis.com/degrees/ritika_m_23.pdf",
    "skills": ["Food Technology", "Food Safety", "Processing", "R&D"],
    "designation": "Food Technologist",
    "company": "Nestle",
    "location": "Gurgaon, India",
    "phone": "+91 9988889900",
    "linkedin": "https://linkedin.com/in/ritika-malhotra",
    "branch": "Food Technology",
    "completion_percent": 85,
    "__v": 0
  },
  {
    "_id": { "$oid": "693771922ae272cc600aa889" },
    "userId": { "$oid": "693771922ae272cc600aa989" },
    "verified": true,
    "graduationYear": 2020,
    "degreeUrl": "https://storage.googleapis.com/degrees/amit_p_20.pdf",
    "skills": ["Fisheries Science", "Aquaculture", "Marine Biology", "Management"],
    "designation": "Fisheries Officer",
    "company": "Govt of Kerala",
    "location": "Kochi, India",
    "phone": "+91 8877889900",
    "linkedin": "https://linkedin.com/in/amit-pillai",
    "branch": "Fisheries Science",
    "completion_percent": 90,
    "__v": 0
  },
  {
    "_id": { "$oid": "693771922ae272cc600aa890" },
    "userId": { "$oid": "693771922ae272cc600aa990" },
    "verified": true,
    "graduationYear": 2019,
    "degreeUrl": "https://storage.googleapis.com/degrees/nidhi_s_19.pdf",
    "skills": ["Forestry", "Conservation", "Silviculture", "Ecology"],
    "designation": "Forest Ranger",
    "company": "Indian Forest Service",
    "location": "Dehradun, India",
    "phone": "+91 7766889900",
    "linkedin": "https://linkedin.com/in/nidhi-saxena",
    "branch": "Forestry",
    "completion_percent": 95,
    "__v": 0
  },
  {
    "_id": { "$oid": "693771922ae272cc600aa891" },
    "userId": { "$oid": "693771922ae272cc600aa991" },
    "verified": false,
    "graduationYear": 2024,
    "degreeUrl": "https://storage.googleapis.com/degrees/ajay_v_24.pdf",
    "skills": ["Veterinary Science", "Animal Care", "Surgery", "Medicine"],
    "designation": "Veterinary Intern",
    "company": "Pet Care Clinic",
    "location": "New Delhi, India",
    "phone": "+91 6655889900",
    "linkedin": "https://linkedin.com/in/ajay-verma",
    "branch": "Veterinary Science",
    "completion_percent": 75,
    "__v": 0
  },
  {
    "_id": { "$oid": "693771922ae272cc600aa892" },
    "userId": { "$oid": "693771922ae272cc600aa992" },
    "verified": true,
    "graduationYear": 2021,
    "degreeUrl": "https://storage.googleapis.com/degrees/seema_k_21.pdf",
    "skills": ["Physiotherapy", "Rehabilitation", "Exercise Therapy", "Anatomy"],
    "designation": "Physiotherapist",
    "company": "Qi Spine Clinic",
    "location": "Mumbai, India",
    "phone": "+91 5544889900",
    "linkedin": "https://linkedin.com/in/seema-kapoor",
    "branch": "Physiotherapy",
    "completion_percent": 90,
    "__v": 0
  },
  {
    "_id": { "$oid": "693771922ae272cc600aa893" },
    "userId": { "$oid": "693771922ae272cc600aa993" },
    "verified": true,
    "graduationYear": 2022,
    "degreeUrl": "https://storage.googleapis.com/degrees/rohan_d_22.pdf",
    "skills": ["Occupational Therapy", "Rehab", "Mental Health", "Pediatrics"],
    "designation": "Occupational Therapist",
    "company": "NIMHANS",
    "location": "Bangalore, India",
    "phone": "+91 4433889900",
    "linkedin": "https://linkedin.com/in/rohan-das",
    "branch": "Occupational Therapy",
    "completion_percent": 95,
    "__v": 0
  },
  {
    "_id": { "$oid": "693771922ae272cc600aa894" },
    "userId": { "$oid": "693771922ae272cc600aa994" },
    "verified": false,
    "graduationYear": 2023,
    "degreeUrl": "https://storage.googleapis.com/degrees/tanvi_s_23.pdf",
    "skills": ["Speech Therapy", "Audiology", "Communication", "Rehabilitation"],
    "designation": "Speech Therapist",
    "company": "Appollo Hospitals",
    "location": "Chennai, India",
    "phone": "+91 3322889900",
    "linkedin": "https://linkedin.com/in/tanvi-singh",
    "branch": "Audiology",
    "completion_percent": 80,
    "__v": 0
  },
  {
    "_id": { "$oid": "693771922ae272cc600aa895" },
    "userId": { "$oid": "693771922ae272cc600aa995" },
    "verified": true,
    "graduationYear": 2020,
    "degreeUrl": "https://storage.googleapis.com/degrees/kunal_m_20.pdf",
    "skills": ["Optometry", "Eye Care", "Vision Science", "Contact Lenses"],
    "designation": "Optometrist",
    "company": "Lenskart",
    "location": "Noida, India",
    "phone": "+91 2211889900",
    "linkedin": "https://linkedin.com/in/kunal-mehra",
    "branch": "Optometry",
    "completion_percent": 95,
    "__v": 0
  },
  {
    "_id": { "$oid": "693771922ae272cc600aa896" },
    "userId": { "$oid": "693771922ae272cc600aa996" },
    "verified": true,
    "graduationYear": 2019,
    "degreeUrl": "https://storage.googleapis.com/degrees/divya_p_19.pdf",
    "skills": ["Radiography", "X-Ray", "CT Scan", "MRI"],
    "designation": "Radiographer",
    "company": "AIIMS",
    "location": "New Delhi, India",
    "phone": "+91 1100889900",
    "linkedin": "https://linkedin.com/in/divya-patel",
    "branch": "Radiography",
    "completion_percent": 90,
    "__v": 0
  },
  {
    "_id": { "$oid": "693771922ae272cc600aa897" },
    "userId": { "$oid": "693771922ae272cc600aa997" },
    "verified": false,
    "graduationYear": 2024,
    "degreeUrl": "https://storage.googleapis.com/degrees/arjun_k_24.pdf",
    "skills": ["Medical Lab Tech", "Pathology", "Testing", "Analysis"],
    "designation": "Lab Technician",
    "company": "Dr. Lal PathLabs",
    "location": "Gurgaon, India",
    "phone": "+91 9988990011",
    "linkedin": "https://linkedin.com/in/arjun-kumar",
    "branch": "Medical Lab Technology",
    "completion_percent": 75,
    "__v": 0
  },
  {
    "_id": { "$oid": "693771922ae272cc600aa898" },
    "userId": { "$oid": "693771922ae272cc600aa998" },
    "verified": true,
    "graduationYear": 2021,
    "degreeUrl": "https://storage.googleapis.com/degrees/sneha_r_21.pdf",
    "skills": ["Dental Surgery", "Dentistry", "Oral Health", "Surgery"],
    "designation": "Dentist",
    "company": "Clove Dental",
    "location": "New Delhi, India",
    "phone": "+91 8877990011",
    "linkedin": "https://linkedin.com/in/sneha-roy",
    "branch": "Dentistry",
    "completion_percent": 90,
    "__v": 0
  },
  {
    "_id": { "$oid": "693771922ae272cc600aa899" },
    "userId": { "$oid": "693771922ae272cc600aa999" },
    "verified": true,
    "graduationYear": 2022,
    "degreeUrl": "https://storage.googleapis.com/degrees/manish_s_22.pdf",
    "skills": ["Public Health", "Epidemiology", "Policy", "Research"],
    "designation": "Public Health Specialist",
    "company": "WHO India",
    "location": "New Delhi, India",
    "phone": "+91 7766990011",
    "linkedin": "https://linkedin.com/in/manish-sharma",
    "branch": "Public Health",
    "completion_percent": 95,
    "__v": 0
  },
  {
    "_id": { "$oid": "693771922ae272cc600aa900" },
    "userId": { "$oid": "693771922ae272cc600aa1000" },
    "verified": false,
    "graduationYear": 2023,
    "degreeUrl": "https://storage.googleapis.com/degrees/kavita_m_23.pdf",
    "skills": ["Hospital Administration", "Management", "Operations", "Healthcare"],
    "designation": "Admin Executive",
    "company": "Medanta",
    "location": "Gurgaon, India",
    "phone": "+91 6655990011",
    "linkedin": "https://linkedin.com/in/kavita-mishra",
    "branch": "Hospital Administration",
    "completion_percent": 80,
    "__v": 0
  }
]