[
  {
    "_id": { "$oid": "69348c1f4e56d0ab2b3e1a01" },
    "title": "Kerala Flood Relief 2025",
    "tagline": "Rebuilding homes, restoring lives",
    "description": "Emergency funds required to provide food, shelter, and medical aid to families affected by the recent floods in Wayanad.",
    "category": "disaster_relief",
    "targetAmount": 1000000,
    "raisedAmount": 1050000,
    "minimumDonation": 500,
    "currency": "INR",
    "startDate": { "$date": "2025-08-10T10:00:00.000Z" },
    "endDate": { "$date": "2025-10-10T18:00:00.000Z" },
    "supportersCount": 850,
    "beneficiaries": "Flood Victims",
    "expectedOutcomes": ["Rebuilt 50 homes", "Provided medical kits to 2000 people"],
    "images": [],
    "organizer": { "$oid": "69347b093f47d0ab2b3e9ca7" },
    "status": "completed",
    "isVerified": true,
    "views": 5400,
    "shares": 1200,
    "milestones": [],
    "donations": [],
    "documents": [],
    "teamMembers": [],
    "createdAt": { "$date": "2025-08-05T10:00:00.000Z" },
    "updatedAt": { "$date": "2025-10-11T09:00:00.000Z" },
    "__v": 0
  },
  {
    "_id": { "$oid": "69348c1f4e56d0ab2b3e1a02" },
    "title": "Tech for Rural Kids",
    "tagline": "Bridging the digital divide",
    "description": "We aim to set up computer labs in 5 government schools in rural Bihar to teach basic coding and digital literacy.",
    "category": "education",
    "targetAmount": 300000,
    "raisedAmount": 125000,
    "minimumDonation": 100,
    "currency": "INR",
    "startDate": { "$date": "2025-11-01T09:00:00.000Z" },
    "endDate": { "$date": "2026-02-01T09:00:00.000Z" },
    "supportersCount": 120,
    "beneficiaries": "Rural Students",
    "expectedOutcomes": ["5 Computer Labs", "Digital literacy for 500 students"],
    "images": [],
    "organizer": { "$oid": "69347b093f47d0ab2b3e9ca8" },
    "status": "active",
    "isVerified": true,
    "views": 800,
    "shares": 150,
    "milestones": [],
    "donations": [],
    "documents": [],
    "teamMembers": [],
    "createdAt": { "$date": "2025-10-25T14:30:00.000Z" },
    "updatedAt": { "$date": "2025-12-08T10:15:00.000Z" },
    "__v": 0
  },
  {
    "_id": { "$oid": "69348c1f4e56d0ab2b3e1a03" },
    "title": "Stray Dog Vaccination Drive",
    "tagline": "Protecting our furry friends",
    "description": "A city-wide initiative to vaccinate and sterilize stray dogs to ensure public safety and animal welfare.",
    "category": "animal_welfare",
    "targetAmount": 150000,
    "raisedAmount": 150000,
    "minimumDonation": 50,
    "currency": "INR",
    "startDate": { "$date": "2025-06-01T08:00:00.000Z" },
    "endDate": { "$date": "2025-09-01T08:00:00.000Z" },
    "supportersCount": 300,
    "beneficiaries": "Stray Animals",
    "expectedOutcomes": ["1000 Dogs Vaccinated", "Zero Rabies Cases"],
    "images": [],
    "organizer": { "$oid": "69347b093f47d0ab2b3e9ca9" },
    "status": "completed",
    "isVerified": true,
    "views": 2100,
    "shares": 400,
    "milestones": [],
    "donations": [],
    "documents": [],
    "teamMembers": [],
    "createdAt": { "$date": "2025-05-20T11:00:00.000Z" },
    "updatedAt": { "$date": "2025-09-02T16:00:00.000Z" },
    "__v": 0
  },
  {
    "_id": { "$oid": "69348c1f4e56d0ab2b3e1a04" },
    "title": "Winter Warmth Distribution",
    "tagline": "Blankets for the homeless",
    "description": "As winter approaches, we are collecting funds to distribute high-quality blankets to the homeless population in Delhi NCR.",
    "category": "social_service",
    "targetAmount": 200000,
    "raisedAmount": 45000,
    "minimumDonation": 200,
    "currency": "INR",
    "startDate": { "$date": "2025-12-01T18:00:00.000Z" },
    "endDate": { "$date": "2026-01-15T18:00:00.000Z" },
    "supportersCount": 45,
    "beneficiaries": "Homeless Population",
    "expectedOutcomes": ["1000 Blankets Distributed", "Reduced hypothermia cases"],
    "images": [],
    "organizer": { "$oid": "69347b093f47d0ab2b3e9cb1" },
    "status": "active",
    "isVerified": true,
    "views": 350,
    "shares": 80,
    "milestones": [],
    "donations": [],
    "documents": [],
    "teamMembers": [],
    "createdAt": { "$date": "2025-11-28T09:00:00.000Z" },
    "updatedAt": { "$date": "2025-12-09T10:00:00.000Z" },
    "__v": 0
  },
  {
    "_id": { "$oid": "69348c1f4e56d0ab2b3e1a05" },
    "title": "Solar Lights for Village Paths",
    "tagline": "Lighting up the darkness",
    "description": "Installation of solar-powered street lights in un-electrified hamlets to improve safety for women and children at night.",
    "category": "sustainability",
    "targetAmount": 800000,
    "raisedAmount": 0,
    "minimumDonation": 1000,
    "currency": "INR",
    "startDate": { "$date": "2026-02-01T10:00:00.000Z" },
    "endDate": { "$date": "2026-05-01T10:00:00.000Z" },
    "supportersCount": 0,
    "beneficiaries": "Village Residents",
    "expectedOutcomes": ["50 Solar Lights Installed", "Improved Night Safety"],
    "images": [],
    "organizer": { "$oid": "69347b093f47d0ab2b3e9cb2" },
    "status": "upcoming",
    "isVerified": false,
    "views": 0,
    "shares": 0,
    "milestones": [],
    "donations": [],
    "documents": [],
    "teamMembers": [],
    "createdAt": { "$date": "2025-12-05T12:00:00.000Z" },
    "updatedAt": { "$date": "2025-12-05T12:00:00.000Z" },
    "__v": 0
  },
  {
    "_id": { "$oid": "69348c1f4e56d0ab2b3e1a06" },
    "title": "Medical Aid for Child Heart Surgery",
    "tagline": "Save Little Ananya",
    "description": "Ananya is 5 years old and needs urgent open-heart surgery. Her parents cannot afford the procedure. Please help save her life.",
    "category": "medical",
    "targetAmount": 500000,
    "raisedAmount": 500000,
    "minimumDonation": 100,
    "currency": "INR",
    "startDate": { "$date": "2025-04-01T00:00:00.000Z" },
    "endDate": { "$date": "2025-05-01T00:00:00.000Z" },
    "supportersCount": 1500,
    "beneficiaries": "Ananya (Patient)",
    "expectedOutcomes": ["Successful Surgery", "Post-op medication covered"],
    "images": [],
    "organizer": { "$oid": "69347b093f47d0ab2b3e9cb3" },
    "status": "completed",
    "isVerified": true,
    "views": 10000,
    "shares": 3500,
    "milestones": [],
    "donations": [],
    "documents": [],
    "teamMembers": [],
    "createdAt": { "$date": "2025-03-25T10:00:00.000Z" },
    "updatedAt": { "$date": "2025-05-02T09:00:00.000Z" },
    "__v": 0
  },
  {
    "_id": { "$oid": "69348c1f4e56d0ab2b3e1a07" },
    "title": "National Hackathon 2026 Sponsorship",
    "tagline": "Fueling the next gen of coders",
    "description": "Crowdfunding the prize pool and logistics for the upcoming inter-college hackathon to encourage student innovation.",
    "category": "technology",
    "targetAmount": 200000,
    "raisedAmount": 0,
    "minimumDonation": 500,
    "currency": "INR",
    "startDate": { "$date": "2026-03-15T09:00:00.000Z" },
    "endDate": { "$date": "2026-04-15T18:00:00.000Z" },
    "supportersCount": 0,
    "beneficiaries": "Student Developers",
    "expectedOutcomes": ["500+ Participants", "20 Prototypes Developed"],
    "images": [],
    "organizer": { "$oid": "69347b093f47d0ab2b3e9cb4" },
    "status": "upcoming",
    "isVerified": true,
    "views": 50,
    "shares": 5,
    "milestones": [],
    "donations": [],
    "documents": [],
    "teamMembers": [],
    "createdAt": { "$date": "2025-12-08T16:00:00.000Z" },
    "updatedAt": { "$date": "2025-12-08T16:00:00.000Z" },
    "__v": 0
  },
  {
    "_id": { "$oid": "69348c1f4e56d0ab2b3e1a08" },
    "title": "Clean River Ganges Drive",
    "tagline": "Restoring the holy river",
    "description": "A volunteer-led initiative to clean up plastic waste from the river banks in Varanasi over the weekend.",
    "category": "environment",
    "targetAmount": 50000,
    "raisedAmount": 12000,
    "minimumDonation": 50,
    "currency": "INR",
    "startDate": { "$date": "2025-12-05T07:00:00.000Z" },
    "endDate": { "$date": "2026-01-05T18:00:00.000Z" },
    "supportersCount": 60,
    "beneficiaries": "Local Community",
    "expectedOutcomes": ["1 Ton Waste Removed", "Awareness Camp Conducted"],
    "images": [],
    "organizer": { "$oid": "69347b093f47d0ab2b3e9cb5" },
    "status": "active",
    "isVerified": true,
    "views": 220,
    "shares": 45,
    "milestones": [],
    "donations": [],
    "documents": [],
    "teamMembers": [],
    "createdAt": { "$date": "2025-12-01T10:00:00.000Z" },
    "updatedAt": { "$date": "2025-12-09T08:00:00.000Z" },
    "__v": 0
  },
  {
    "_id": { "$oid": "69348c1f4e56d0ab2b3e1a09" },
    "title": "Underprivileged Girls' Scholarship",
    "tagline": "Educate a girl, educate a nation",
    "description": "Providing full tuition scholarships for 10 meritorious girls from low-income families to complete their high school education.",
    "category": "education",
    "targetAmount": 400000,
    "raisedAmount": 410000,
    "minimumDonation": 500,
    "currency": "INR",
    "startDate": { "$date": "2025-01-10T10:00:00.000Z" },
    "endDate": { "$date": "2025-03-30T18:00:00.000Z" },
    "supportersCount": 210,
    "beneficiaries": "10 Girl Students",
    "expectedOutcomes": ["100% School Attendance", "Books and Uniforms provided"],
    "images": [],
    "organizer": { "$oid": "69347b093f47d0ab2b3e9cb6" },
    "status": "completed",
    "isVerified": true,
    "views": 1500,
    "shares": 300,
    "milestones": [],
    "donations": [],
    "documents": [],
    "teamMembers": [],
    "createdAt": { "$date": "2025-01-01T09:00:00.000Z" },
    "updatedAt": { "$date": "2025-03-31T10:00:00.000Z" },
    "__v": 0
  },
  {
    "_id": { "$oid": "69348c1f4e56d0ab2b3e1a10" },
    "title": "Community Sports Complex Renovation",
    "tagline": "Play for health",
    "description": "The local basketball and badminton courts are in disrepair. Help us renovate them for the youth of the colony.",
    "category": "sports",
    "targetAmount": 250000,
    "raisedAmount": 0,
    "minimumDonation": 200,
    "currency": "INR",
    "startDate": { "$date": "2026-04-01T10:00:00.000Z" },
    "endDate": { "$date": "2026-06-01T18:00:00.000Z" },
    "supportersCount": 0,
    "beneficiaries": "Local Youth",
    "expectedOutcomes": ["Resurfaced Courts", "New Sports Equipment"],
    "images": [],
    "organizer": { "$oid": "69347b093f47d0ab2b3e9cb7" },
    "status": "upcoming",
    "isVerified": true,
    "views": 0,
    "shares": 0,
    "milestones": [],
    "donations": [],
    "documents": [],
    "teamMembers": [],
    "createdAt": { "$date": "2025-12-08T18:00:00.000Z" },
    "updatedAt": { "$date": "2025-12-08T18:00:00.000Z" },
    "__v": 0
  }
]