[
  {
    "_id": { "$oid": "6932e8d2bad91ec8824156e6" },
    "studentId": { "$oid": "6932e8ccbad91ec88241561e" },
    "alumniId": { "$oid": "6932e8c7bad91ec88241557e" },
    "status": "accepted",
    "connectionDate": { "$date": "2025-12-05T14:15:00.000Z" },
    "__v": 0
  },
  {
    "_id": { "$oid": "6932e8d2bad91ec8824156e7" },
    "studentId": { "$oid": "6932e8ccbad91ec88241561f" },
    "alumniId": { "$oid": "6932e8c7bad91ec88241557f" },
    "status": "accepted",
    "connectionDate": { "$date": "2025-12-05T16:20:00.000Z" },
    "__v": 0
  },
  {
    "_id": { "$oid": "6932e8d2bad91ec8824156e8" },
    "studentId": { "$oid": "6932e8ccbad91ec882415620" },
    "alumniId": { "$oid": "6932e8c7bad91ec882415580" },
    "status": "pending",
    "connectionDate": { "$date": "2025-12-06T09:00:00.000Z" },
    "__v": 0
  },
  {
    "_id": { "$oid": "6932e8d2bad91ec8824156e9" },
    "studentId": { "$oid": "6932e8ccbad91ec882415621" },
    "alumniId": { "$oid": "6932e8c7bad91ec882415581" },
    "status": "accepted",
    "connectionDate": { "$date": "2025-12-06T10:30:00.000Z" },
    "__v": 0
  },
  {
    "_id": { "$oid": "6932e8d2bad91ec8824156ea" },
    "studentId": { "$oid": "6932e8ccbad91ec882415622" },
    "alumniId": { "$oid": "6932e8c7bad91ec882415582" },
    "status": "rejected",
    "connectionDate": { "$date": "2025-12-06T11:45:00.000Z" },
    "__v": 0
  },
  {
    "_id": { "$oid": "6932e8d2bad91ec8824156eb" },
    "studentId": { "$oid": "6932e8ccbad91ec882415623" },
    "alumniId": { "$oid": "6932e8c7bad91ec882415583" },
    "status": "accepted",
    "connectionDate": { "$date": "2025-12-06T14:00:00.000Z" },
    "__v": 0
  },
  {
    "_id": { "$oid": "6932e8d2bad91ec8824156ec" },
    "studentId": { "$oid": "6932e8ccbad91ec882415624" },
    "alumniId": { "$oid": "6932e8c7bad91ec882415584" },
    "status": "accepted",
    "connectionDate": { "$date": "2025-12-07T08:15:00.000Z" },
    "__v": 0
  },
  {
    "_id": { "$oid": "6932e8d2bad91ec8824156ed" },
    "studentId": { "$oid": "6932e8ccbad91ec882415625" },
    "alumniId": { "$oid": "6932e8c7bad91ec882415585" },
    "status": "pending",
    "connectionDate": { "$date": "2025-12-07T09:30:00.000Z" },
    "__v": 0
  },
  {
    "_id": { "$oid": "6932e8d2bad91ec8824156ee" },
    "studentId": { "$oid": "6932e8ccbad91ec882415626" },
    "alumniId": { "$oid": "6932e8c7bad91ec882415586" },
    "status": "accepted",
    "connectionDate": { "$date": "2025-12-07T12:00:00.000Z" },
    "__v": 0
  },
  {
    "_id": { "$oid": "6932e8d2bad91ec8824156ef" },
    "studentId": { "$oid": "6932e8ccbad91ec882415627" },
    "alumniId": { "$oid": "6932e8c7bad91ec882415587" },
    "status": "accepted",
    "connectionDate": { "$date": "2025-12-07T15:45:00.000Z" },
    "__v": 0
  },
  {
    "_id": { "$oid": "6932e8d2bad91ec8824156f0" },
    "studentId": { "$oid": "6932e8ccbad91ec882415628" },
    "alumniId": { "$oid": "6932e8c7bad91ec882415588" },
    "status": "pending",
    "connectionDate": { "$date": "2025-12-08T08:00:00.000Z" },
    "__v": 0
  },
  {
    "_id": { "$oid": "6932e8d2bad91ec8824156f1" },
    "studentId": { "$oid": "6932e8ccbad91ec882415629" },
    "alumniId": { "$oid": "6932e8c7bad91ec882415589" },
    "status": "accepted",
    "connectionDate": { "$date": "2025-12-08T09:15:00.000Z" },
    "__v": 0
  },
  {
    "_id": { "$oid": "6932e8d2bad91ec8824156f2" },
    "studentId": { "$oid": "6932e8ccbad91ec88241562a" },
    "alumniId": { "$oid": "6932e8c7bad91ec882415590" },
    "status": "accepted",
    "connectionDate": { "$date": "2025-12-08T10:30:00.000Z" },
    "__v": 0
  },
  {
    "_id": { "$oid": "6932e8d2bad91ec8824156f3" },
    "studentId": { "$oid": "6932e8ccbad91ec88241562b" },
    "alumniId": { "$oid": "6932e8c7bad91ec882415591" },
    "status": "pending",
    "connectionDate": { "$date": "2025-12-08T11:45:00.000Z" },
    "__v": 0
  },
  {
    "_id": { "$oid": "6932e8d2bad91ec8824156f4" },
    "studentId": { "$oid": "6932e8ccbad91ec88241562c" },
    "alumniId": { "$oid": "6932e8c7bad91ec882415592" },
    "status": "accepted",
    "connectionDate": { "$date": "2025-12-08T13:00:00.000Z" },
    "__v": 0
  },
  {
    "_id": { "$oid": "6932e8d2bad91ec8824156f5" },
    "studentId": { "$oid": "6932e8ccbad91ec88241562d" },
    "alumniId": { "$oid": "6932e8c7bad91ec882415593" },
    "status": "rejected",
    "connectionDate": { "$date": "2025-12-08T14:15:00.000Z" },
    "__v": 0
  },
  {
    "_id": { "$oid": "6932e8d2bad91ec8824156f6" },
    "studentId": { "$oid": "6932e8ccbad91ec88241562e" },
    "alumniId": { "$oid": "6932e8c7bad91ec882415594" },
    "status": "accepted",
    "connectionDate": { "$date": "2025-12-08T15:30:00.000Z" },
    "__v": 0
  },
  {
    "_id": { "$oid": "6932e8d2bad91ec8824156f7" },
    "studentId": { "$oid": "6932e8ccbad91ec88241562f" },
    "alumniId": { "$oid": "6932e8c7bad91ec882415595" },
    "status": "accepted",
    "connectionDate": { "$date": "2025-12-08T16:45:00.000Z" },
    "__v": 0
  },
  {
    "_id": { "$oid": "6932e8d2bad91ec8824156f8" },
    "studentId": { "$oid": "6932e8ccbad91ec882415630" },
    "alumniId": { "$oid": "6932e8c7bad91ec882415596" },
    "status": "pending",
    "connectionDate": { "$date": "2025-12-09T08:00:00.000Z" },
    "__v": 0
  },
  {
    "_id": { "$oid": "6932e8d2bad91ec8824156f9" },
    "studentId": { "$oid": "6932e8ccbad91ec882415631" },
    "alumniId": { "$oid": "6932e8c7bad91ec882415597" },
    "status": "accepted",
    "connectionDate": { "$date": "2025-12-09T09:00:00.000Z" },
    "__v": 0
  },
  {
    "_id": { "$oid": "6932e8d2bad91ec8824156fa" },
    "studentId": { "$oid": "6932e8ccbad91ec882415632" },
    "alumniId": { "$oid": "6932e8c7bad91ec882415598" },
    "status": "accepted",
    "connectionDate": { "$date": "2025-12-09T09:30:00.000Z" },
    "__v": 0
  },
  {
    "_id": { "$oid": "6932e8d2bad91ec8824156fb" },
    "studentId": { "$oid": "6932e8ccbad91ec882415633" },
    "alumniId": { "$oid": "6932e8c7bad91ec882415599" },
    "status": "accepted",
    "connectionDate": { "$date": "2025-12-09T10:00:00.000Z" },
    "__v": 0
  },
  {
    "_id": { "$oid": "6932e8d2bad91ec8824156fc" },
    "studentId": { "$oid": "6932e8ccbad91ec882415634" },
    "alumniId": { "$oid": "6932e8c7bad91ec88241559a" },
    "status": "pending",
    "connectionDate": { "$date": "2025-12-09T10:30:00.000Z" },
    "__v": 0
  },
  {
    "_id": { "$oid": "6932e8d2bad91ec8824156fd" },
    "studentId": { "$oid": "6932e8ccbad91ec882415635" },
    "alumniId": { "$oid": "6932e8c7bad91ec88241559b" },
    "status": "accepted",
    "connectionDate": { "$date": "2025-12-09T11:00:00.000Z" },
    "__v": 0
  }
]