[
  {
    "_id": { "$oid": "6932e8d0bad91ec882415701" },
    "content": "Hey folks! We are hiring 3 interns for the Video Production team at Swiggy. If you know After Effects and have a knack for storytelling, DM me your portfolio. Preference given to FoT juniors! 🎥",
    "postedBy": { "$oid": "693771922ae272cc600aa7dd" },
    "likes": [
      { "$oid": "6932e8ccbad91ec88241561e" },
      { "$oid": "6932e8ccbad91ec88241561f" },
      { "$oid": "6932e8ccbad91ec882415625" }
    ],
    "comments": [
      {
        "_id": { "$oid": "6932e8d0bad91ec882415951" },
        "text": "Sent you a DM, sir!",
        "postedBy": { "$oid": "6932e8ccbad91ec882415625" },
        "createdAt": { "$date": "2025-12-06T10:15:00.000Z" }
      }
    ],
    "createdAt": { "$date": "2025-12-06T10:00:00.000Z" },
    "__v": 0
  },
  {
    "_id": { "$oid": "6932e8d0bad91ec882415702" },
    "content": "Visited the North Campus today after 2 years. The new Engineering block looks amazing, but nothing beats the tea at the Sudhir Bose Marg stall. Miss the college days! ☕️",
    "postedBy": { "$oid": "693771922ae272cc600aa7dc" },
    "likes": [
      { "$oid": "6932e8ccbad91ec882415620" },
      { "$oid": "6932e8ccbad91ec882415621" }
    ],
    "comments": [],
    "createdAt": { "$date": "2025-12-07T14:30:00.000Z" },
    "__v": 0
  },
  {
    "_id": { "$oid": "6932e8d0bad91ec882415703" },
    "content": "Excited to share that my research paper on 'Optimizing Transformers for Edge Devices' has been accepted at NeurIPS 2025! A huge shoutout to Dr. Rajesh Kumar for his initial guidance during my final year project.",
    "postedBy": { "$oid": "693771922ae272cc600aa7de" },
    "likes": [
      { "$oid": "6932e8ccbad91ec88241561e" },
      { "$oid": "6932e8ccbad91ec88241561f" },
      { "$oid": "6932e8ccbad91ec882415622" },
      { "$oid": "6932e8ccbad91ec882415623" },
      { "$oid": "6932e8ccbad91ec882415624" }
    ],
    "comments": [
      {
        "_id": { "$oid": "6932e8d0bad91ec882415952" },
        "text": "Congratulations Garvit! This is huge.",
        "postedBy": { "$oid": "693771922ae272cc600aa7df" },
        "createdAt": { "$date": "2025-12-05T12:00:00.000Z" }
      }
    ],
    "createdAt": { "$date": "2025-12-05T11:00:00.000Z" },
    "__v": 0
  },
  {
    "_id": { "$oid": "6932e8d0bad91ec882415704" },
    "content": "To all the freshers struggling with placement anxiety: Focus on your fundamentals. System Design and OS concepts are often more important than solving 500 Leetcode hard problems. Happy to review resumes this weekend. Drop a comment if interested.",
    "postedBy": { "$oid": "693771922ae272cc600aa7df" },
    "likes": [
      { "$oid": "6932e8ccbad91ec882415626" },
      { "$oid": "6932e8ccbad91ec882415627" },
      { "$oid": "6932e8ccbad91ec882415628" }
    ],
    "comments": [
      {
        "_id": { "$oid": "6932e8d0bad91ec882415953" },
        "text": "Interested! Can I DM?",
        "postedBy": { "$oid": "6932e8ccbad91ec882415626" },
        "createdAt": { "$date": "2025-12-08T09:30:00.000Z" }
      },
      {
        "_id": { "$oid": "6932e8d0bad91ec882415954" },
        "text": "Please check my DM.",
        "postedBy": { "$oid": "6932e8ccbad91ec882415627" },
        "createdAt": { "$date": "2025-12-08T10:00:00.000Z" }
      }
    ],
    "createdAt": { "$date": "2025-12-08T09:00:00.000Z" },
    "__v": 0
  },
  {
    "_id": { "$oid": "6932e8d0bad91ec882415705" },
    "content": "Microsoft is opening referrals for SDE-1 and SDE-2 roles in Hyderabad and Bangalore. Please ensure you have 1+ years of experience for SDE-2. Send resumes to referrals@microsoft.com with subject 'Referral - [Name]'.",
    "postedBy": { "$oid": "693771922ae272cc600aa7e3" },
    "likes": [
      { "$oid": "6932e8ccbad91ec882415629" },
      { "$oid": "6932e8ccbad91ec882415630" }
    ],
    "comments": [],
    "createdAt": { "$date": "2025-12-09T08:00:00.000Z" },
    "__v": 0
  },
  {
    "_id": { "$oid": "6932e8d0bad91ec882415706" },
    "content": "Just wrapped up the Base44 Hackathon judging panel. The quality of projects coming out of the college these days is insane! Someone built a fully functional decentralized voting system on Solana. Kudos to the team!",
    "postedBy": { "$oid": "693771922ae272cc600aa813" },
    "likes": [
      { "$oid": "6932e8ccbad91ec882415631" },
      { "$oid": "6932e8ccbad91ec882415632" }
    ],
    "comments": [],
    "createdAt": { "$date": "2025-12-09T10:30:00.000Z" },
    "__v": 0
  },
  {
    "_id": { "$oid": "6932e8d0bad91ec882415707" },
    "content": "Does anyone have contacts in the German visa consulate? My work visa is stuck in processing for Berlin. Any help would be appreciated!",
    "postedBy": { "$oid": "693771922ae272cc600aa808" },
    "likes": [],
    "comments": [
      {
        "_id": { "$oid": "6932e8d0bad91ec882415955" },
        "text": "Connect with Rohit from the 2018 batch, he moved to Berlin last year.",
        "postedBy": { "$oid": "693771922ae272cc600aa814" },
        "createdAt": { "$date": "2025-12-04T16:00:00.000Z" }
      }
    ],
    "createdAt": { "$date": "2025-12-04T15:00:00.000Z" },
    "__v": 0
  },
  {
    "_id": { "$oid": "6932e8d0bad91ec882415708" },
    "content": "Looking for a co-founder for a Fintech startup (stealth mode). Need someone strong in Backend & Security. We are backed by YC. Equity only for now.",
    "postedBy": { "$oid": "693771922ae272cc600aa7e2" },
    "likes": [
      { "$oid": "6932e8ccbad91ec882415633" }
    ],
    "comments": [],
    "createdAt": { "$date": "2025-12-01T09:00:00.000Z" },
    "__v": 0
  },
  {
    "_id": { "$oid": "6932e8d0bad91ec882415709" },
    "content": "Finally submitted my PhD thesis at IIT Delhi! It's been a long journey of 5 years. Thanks to the alumni network for the constant motivation.",
    "postedBy": { "$oid": "693771922ae272cc600aa7e0" },
    "likes": [
      { "$oid": "6932e8ccbad91ec88241561e" },
      { "$oid": "6932e8ccbad91ec882415635" }
    ],
    "comments": [
      {
        "_id": { "$oid": "6932e8d0bad91ec882415956" },
        "text": "Dr. Krishna! Sounds good. Congrats!",
        "postedBy": { "$oid": "693771922ae272cc600aa7dc" },
        "createdAt": { "$date": "2025-12-03T18:00:00.000Z" }
      }
    ],
    "createdAt": { "$date": "2025-12-03T17:00:00.000Z" },
    "__v": 0
  },
  {
    "_id": { "$oid": "6932e8d0bad91ec882415710" },
    "content": "Is anyone attending the AWS Summit in Bangalore next week? Let's catch up!",
    "postedBy": { "$oid": "693771922ae272cc600aa812" },
    "likes": [
      { "$oid": "6932e8ccbad91ec882415634" }
    ],
    "comments": [],
    "createdAt": { "$date": "2025-12-08T11:00:00.000Z" },
    "__v": 0
  },
  {
    "_id": { "$oid": "6932e8d0bad91ec882415711" },
    "content": "The debate society 'Vaktavya' is looking for alumni mentors to judge the upcoming inter-college debate. Date: 20th Dec. It's a great way to give back!",
    "postedBy": { "$oid": "693771922ae272cc600aa7e1" },
    "likes": [
      { "$oid": "6932e8ccbad91ec882415623" }
    ],
    "comments": [],
    "createdAt": { "$date": "2025-12-05T13:00:00.000Z" },
    "__v": 0
  },
  {
    "_id": { "$oid": "6932e8d0bad91ec882415712" },
    "content": "Just transitioned from Engineering to Product Management. It's a whole new world of challenges. Any book recommendations for new PMs?",
    "postedBy": { "$oid": "693771922ae272cc600aa811" },
    "likes": [
      { "$oid": "6932e8ccbad91ec882415622" }
    ],
    "comments": [
      {
        "_id": { "$oid": "6932e8d0bad91ec882415957" },
        "text": "Read 'Inspired' by Marty Cagan. It's the bible for PMs.",
        "postedBy": { "$oid": "693771922ae272cc600aa805" },
        "createdAt": { "$date": "2025-12-02T10:00:00.000Z" }
      }
    ],
    "createdAt": { "$date": "2025-12-02T09:00:00.000Z" },
    "__v": 0
  },
  {
    "_id": { "$oid": "6932e8d0bad91ec882415713" },
    "content": "Remember the Cultural Fest of 2022? Found some old photos on my drive. Tagging the core team! What a night that was.",
    "postedBy": { "$oid": "693771922ae272cc600aa815" },
    "likes": [
      { "$oid": "6932e8ccbad91ec882415621" },
      { "$oid": "6932e8ccbad91ec882415620" },
      { "$oid": "6932e8ccbad91ec882415619" }
    ],
    "comments": [],
    "createdAt": { "$date": "2025-12-07T20:00:00.000Z" },
    "__v": 0
  },
  {
    "_id": { "$oid": "6932e8d0bad91ec882415714" },
    "content": "Hosting a webinar on 'Introduction to Blockchain & Web3' this Saturday. Beginners welcome. Link in bio.",
    "postedBy": { "$oid": "693771922ae272cc600aa813" },
    "likes": [
      { "$oid": "6932e8ccbad91ec882415630" }
    ],
    "comments": [],
    "createdAt": { "$date": "2025-12-08T15:00:00.000Z" },
    "__v": 0
  },
  {
    "_id": { "$oid": "6932e8d0bad91ec882415715" },
    "content": "Zomato is hiring for the Marketing team in Gurgaon. Looking for people with 2-4 years of experience in Digital Marketing. Hit me up!",
    "postedBy": { "$oid": "693771922ae272cc600aa805" },
    "likes": [
      { "$oid": "6932e8ccbad91ec882415629" }
    ],
    "comments": [],
    "createdAt": { "$date": "2025-12-06T11:00:00.000Z" },
    "__v": 0
  }
]