{
  "_id": {
    "$oid": "6932e8d1bad91ec8824156df"
  },
  "title": "FoT Alumni Newsletter - January 2025",
  "subject": "New Year Updates from Faculty of Technology",
  "content": "<h1>Happy New Year from Faculty of Technology!</h1>\n<p>As we step into 2025, we're excited to share updates from our vibrant alumni community.</p>\n\n<h2>🎉 Alumni Achievements</h2>\n<ul>\n<li><strong>Satyam Singh (2024)</strong> joined NVIDIA as AI/ML Engineer</li>\n<li><strong>Krishna Yadav (2025)</strong> launched NeuraCore Tech startup</li>\n<li><strong>Gurhans Grover (2023)</strong> - JuvoAI raised Series A funding</li>\n</ul>\n\n<h2>📅 Upcoming Events</h2>\n<ul>\n<li>Annual Alumni Meet - February 15, 2025</li>\n<li>Tech Talk: AI in 2025 - January 20, 2025</li>\n<li>Hackathon: Code for Change - February 8, 2025</li>\n</ul>\n\n<h2>💰 Fundraising Update</h2>\n<p>Our AI Research Lab campaign has raised ₹15 lakhs! Thank you for your generous contributions.</p>\n\n<p>Stay connected, stay inspired!</p>\n<p><em>Faculty of Technology, Delhi University</em></p>",
  "template": "digest",
  "targetAudience": "all",
  "recipientCount": 250,
  "sentAt": {
    "$date": "2025-01-01T00:00:00.000Z"
  },
  "openCount": 180,
  "clickCount": 0,
  "unsubscribeCount": 0,
  "status": "sent",
  "createdBy": {
    "$oid": "6932e8c7bad91ec88241557a"
  },
  "college": {
    "$oid": "6932e7f5f67e580b8256a177"
  },
  "attachments": [],
  "createdAt": {
    "$date": "2025-12-05T14:14:41.836Z"
  },
  "updatedAt": {
    "$date": "2025-12-05T14:14:41.836Z"
  },
  "__v": 0
}