[
  {
    "_id": { "$oid": "6934afcb6922375dfaa89999" },
    "name": "FoT Administration",
    "email": "admin@fot.du.ac.in",
    "passwordHash": "$2b$10$wZq.9x/8/yv.J7q/z6q.9x/8/yv.J7q/z6q.9x/8/yv.J7q/z6",
    "userType": "Admin",
    "createdAt": { "$date": "2025-12-06T18:50:49.000Z" },
    "__v": 0
  },
  {
    "_id": { "$oid": "6934afcb6922375dfaa89998" },
    "name": "Miranda House Registry",
    "email": "registrar@mirandahouse.ac.in",
    "passwordHash": "$2b$10$aBc.1x/2/yv.K8r/z5p.1x/2/yv.K8r/z5p.1x/2/yv.K8r/z5",
    "userType": "Admin",
    "createdAt": { "$date": "2025-12-06T18:50:49.000Z" },
    "__v": 0
  },
  {
    "_id": { "$oid": "693771922ae272cc600aa7d9" },
    "name": "Satyam Singh",
    "email": "satyam.singh@wipro.com",
    "passwordHash": "$2b$10$fXmvOhNq5ZfdmAFHfE9dwO59cR2re68sJUV2h46pP8wLFkcqLHCvO",
    "userType": "Alumni",
    "createdAt": { "$date": "2025-12-06T18:50:49.193Z" },
    "profileDetails": { "$oid": "693771922ae272cc600aa7dc" },
    "collegeId": { "$oid": "6932cdbead6558f807f7c0c6" },
    "__v": 0
  },
  {
    "_id": { "$oid": "693771922ae272cc600aa901" },
    "name": "Rewant Bhriguvanshi",
    "email": "rewant.b@swiggy.in",
    "passwordHash": "$2b$10$fXmvOhNq5ZfdmAFHfE9dwO59cR2re68sJUV2h46pP8wLFkcqLHCvO",
    "userType": "Alumni",
    "createdAt": { "$date": "2025-12-06T18:51:00.000Z" },
    "profileDetails": { "$oid": "693771922ae272cc600aa801" },
    "collegeId": { "$oid": "6932cdbead6558f807f7c0c6" },
    "__v": 0
  },
  {
    "_id": { "$oid": "693771922ae272cc600aa902" },
    "name": "Garvit Gupta",
    "email": "garvit.gupta@google.com",
    "passwordHash": "$2b$10$fXmvOhNq5ZfdmAFHfE9dwO59cR2re68sJUV2h46pP8wLFkcqLHCvO",
    "userType": "Alumni",
    "createdAt": { "$date": "2025-12-06T18:51:10.000Z" },
    "profileDetails": { "$oid": "693771922ae272cc600aa802" },
    "collegeId": { "$oid": "6932cdbead6558f807f7c0c6" },
    "__v": 0
  },
  {
    "_id": { "$oid": "693771922ae272cc600aa903" },
    "name": "Gurhans Grover",
    "email": "gurhans.grover@amazon.com",
    "passwordHash": "$2b$10$fXmvOhNq5ZfdmAFHfE9dwO59cR2re68sJUV2h46pP8wLFkcqLHCvO",
    "userType": "Alumni",
    "createdAt": { "$date": "2025-12-06T18:51:20.000Z" },
    "profileDetails": { "$oid": "693771922ae272cc600aa803" },
    "collegeId": { "$oid": "6932cdbead6558f807f7c0c6" },
    "__v": 0
  },
  {
    "_id": { "$oid": "693771922ae272cc600aa904" },
    "name": "Krishna Yadav",
    "email": "krishna.y@iitd.ac.in",
    "passwordHash": "$2b$10$fXmvOhNq5ZfdmAFHfE9dwO59cR2re68sJUV2h46pP8wLFkcqLHCvO",
    "userType": "Alumni",
    "createdAt": { "$date": "2025-12-06T18:51:30.000Z" },
    "profileDetails": { "$oid": "693771922ae272cc600aa804" },
    "collegeId": { "$oid": "6932cdbead6558f807f7c0c6" },
    "__v": 0
  },
  {
    "_id": { "$oid": "693771922ae272cc600aa905" },
    "name": "Shubhika Sinha",
    "email": "shubhika.sinha@zomato.com",
    "passwordHash": "$2b$10$fXmvOhNq5ZfdmAFHfE9dwO59cR2re68sJUV2h46pP8wLFkcqLHCvO",
    "userType": "Alumni",
    "createdAt": { "$date": "2025-12-06T18:51:40.000Z" },
    "profileDetails": { "$oid": "693771922ae272cc600aa805" },
    "collegeId": { "$oid": "6932cdbead6558f807f7c0c6" },
    "__v": 0
  },
  {
    "_id": { "$oid": "693771922ae272cc600aa906" },
    "name": "Prayas",
    "email": "prayas@paloaltonetworks.com",
    "passwordHash": "$2b$10$fXmvOhNq5ZfdmAFHfE9dwO59cR2re68sJUV2h46pP8wLFkcqLHCvO",
    "userType": "Alumni",
    "createdAt": { "$date": "2025-12-06T18:51:50.000Z" },
    "profileDetails": { "$oid": "693771922ae272cc600aa806" },
    "collegeId": { "$oid": "6932cdbead6558f807f7c0c6" },
    "__v": 0
  },
  {
    "_id": { "$oid": "6934f9a60f6081c361119301" },
    "name": "Student One",
    "email": "student.1@fot.du.ac.in",
    "passwordHash": "$2b$10$TO2HhunVW1aAXU93/KCkh.cJ8Eez1vr34rh.bc/wpMhUL8VCjE95m",
    "userType": "Student",
    "adminId": "college-adm-01",
    "mokshaCoins": 50,
    "tags": ["coding", "python"],
    "createdAt": { "$date": "2025-12-07T03:56:48.000Z" },
    "profileDetails": { "$oid": "6934f9a60f6081c361119401" },
    "__v": 0
  },
  {
    "_id": { "$oid": "6934f9a60f6081c361119302" },
    "name": "Student Two",
    "email": "student.2@fot.du.ac.in",
    "passwordHash": "$2b$10$TO2HhunVW1aAXU93/KCkh.cJ8Eez1vr34rh.bc/wpMhUL8VCjE95m",
    "userType": "Student",
    "adminId": "college-adm-01",
    "mokshaCoins": 120,
    "tags": ["design", "ui/ux"],
    "createdAt": { "$date": "2025-12-07T03:56:50.000Z" },
    "profileDetails": { "$oid": "6934f9a60f6081c361119402" },
    "__v": 0
  },
  {
    "_id": { "$oid": "6934f9a60f6081c361119303" },
    "name": "Student Three",
    "email": "student.3@mirandahouse.ac.in",
    "passwordHash": "$2b$10$TO2HhunVW1aAXU93/KCkh.cJ8Eez1vr34rh.bc/wpMhUL8VCjE95m",
    "userType": "Student",
    "adminId": "college-adm-02",
    "mokshaCoins": 0,
    "tags": [],
    "createdAt": { "$date": "2025-12-07T03:56:52.000Z" },
    "profileDetails": { "$oid": "6934f9a60f6081c361119403" },
    "__v": 0
  },
  {
    "_id": { "$oid": "6934f9a60f6081c361119304" },
    "name": "Student Four",
    "email": "student.4@fot.du.ac.in",
    "passwordHash": "$2b$10$TO2HhunVW1aAXU93/KCkh.cJ8Eez1vr34rh.bc/wpMhUL8VCjE95m",
    "userType": "Student",
    "adminId": "college-adm-01",
    "mokshaCoins": 300,
    "tags": ["research", "ai"],
    "createdAt": { "$date": "2025-12-07T03:56:54.000Z" },
    "profileDetails": { "$oid": "6934f9a60f6081c361119404" },
    "__v": 0
  },
  {
    "_id": { "$oid": "6934f9a60f6081c361119305" },
    "name": "Student Five",
    "email": "student.5@hinducollege.ac.in",
    "passwordHash": "$2b$10$TO2HhunVW1aAXU93/KCkh.cJ8Eez1vr34rh.bc/wpMhUL8VCjE95m",
    "userType": "Student",
    "adminId": "college-adm-03",
    "mokshaCoins": 10,
    "tags": ["physics", "astronomy"],
    "createdAt": { "$date": "2025-12-07T03:56:56.000Z" },
    "profileDetails": { "$oid": "6934f9a60f6081c361119405" },
    "__v": 0
  },
  {
    "_id": { "$oid": "6934f9a60f6081c361119306" },
    "name": "Student Six",
    "email": "student.6@mirandahouse.ac.in",
    "passwordHash": "$2b$10$TO2HhunVW1aAXU93/KCkh.cJ8Eez1vr34rh.bc/wpMhUL8VCjE95m",
    "userType": "Student",
    "adminId": "college-adm-02",
    "mokshaCoins": 75,
    "tags": ["literature", "writing"],
    "createdAt": { "$date": "2025-12-07T03:56:58.000Z" },
    "profileDetails": { "$oid": "6934f9a60f6081c361119406" },
    "__v": 0
  },
  {
    "_id": { "$oid": "6934f9a60f6081c361119307" },
    "name": "Student Seven",
    "email": "student.7@fot.du.ac.in",
    "passwordHash": "$2b$10$TO2HhunVW1aAXU93/KCkh.cJ8Eez1vr34rh.bc/wpMhUL8VCjE95m",
    "userType": "Student",
    "adminId": "college-adm-01",
    "mokshaCoins": 20,
    "tags": ["robotics", "mechanics"],
    "createdAt": { "$date": "2025-12-07T03:57:00.000Z" },
    "profileDetails": { "$oid": "6934f9a60f6081c361119407" },
    "__v": 0
  },
  {
    "_id": { "$oid": "6934f9a60f6081c361119308" },
    "name": "Student Eight",
    "email": "student.8@hinducollege.ac.in",
    "passwordHash": "$2b$10$TO2HhunVW1aAXU93/KCkh.cJ8Eez1vr34rh.bc/wpMhUL8VCjE95m",
    "userType": "Student",
    "adminId": "college-adm-03",
    "mokshaCoins": 200,
    "tags": ["data science", "ml"],
    "createdAt": { "$date": "2025-12-07T03:57:02.000Z" },
    "profileDetails": { "$oid": "6934f9a60f6081c361119408" },
    "__v": 0
  }
]